Workbook

Sheet Sheet1
A1: TITLE | B1: MAGNITUDE | C1: DATE_TIME | D1: CDI | E1: MMI | F1: ALERT | G1: TSUNAMI | H1: SIG | I1: NET | J1: NST | K1: DMIN | L1: GAP | M1: MAGTYPE | N1: DEPTH | O1: LATITUDE | P1: LONGITUDE | Q1: LOCATION | R1: CONTINENT | S1: COUNTRY

Sheet Exploration
A1: Task 1 - Excel-Based Exploration
A3: Metric | B3: Value | G3: Magnitude Band | H3: Count | J3: Title Pattern | K3: Count
A4: Number of records | B4: =COUNTA(Raw_Data!A2:A1001) -> 1000 | G4: 6.5-<7.0 | H4: =COUNTIFS(Raw_Data!B2:B1001,">=6.5",Raw_Data!B2:B1001,"<7") -> 627 | J4: Distance/location | K4: =COUNTIF(Raw_Data!W2:W1001,J4) -> 849
A5: Number of columns | B5: =COUNTA(Raw_Data!B1:S1) -> 18 | G5: 7.0-<7.5 | H5: =COUNTIFS(Raw_Data!B2:B1001,">=7",Raw_Data!B2:B1001,"<7.5") -> 229 | J5: Named-region | K5: =COUNTIF(Raw_Data!W2:W1001,J5) -> 0
A6: Minimum magnitude | B6: =MIN(Raw_Data!B2:B1001) -> 6.5 | G6: 7.5-<8.0 | H6: =COUNTIFS(Raw_Data!B2:B1001,">=7.5",Raw_Data!B2:B1001,"<8") -> 112
A7: Maximum magnitude | B7: =MAX(Raw_Data!B2:B1001) -> 9.1 | G7: 8.0-<8.5 | H7: =COUNTIFS(Raw_Data!B2:B1001,">=8",Raw_Data!B2:B1001,"<8.5") -> 27
A8: Average magnitude | B8: =AVERAGE(Raw_Data!B2:B1001) -> 6.94015 | G8: 8.5-<9.0 | H8: =COUNTIFS(Raw_Data!B2:B1001,">=8.5",Raw_Data!B2:B1001,"<9") -> 3
A9: Minimum depth | B9: =MIN(Raw_Data!N2:N1001) -> 2.7 | G9: 9.0+ | H9: =COUNTIF(Raw_Data!B2:B1001,">=9") -> 2
A10: Maximum depth | B10: =MAX(Raw_Data!N2:N1001) -> 670.81
A11: Average depth | B11: =AVERAGE(Raw_Data!N2:N1001) -> 74.612541

Sheet Data_Type_Audit
A1: Task 2 - Data Type and Quality Audit
A3: Column | B3: Data Type | C3: Reason
A4: Title | B4: Text | C4: Descriptive earthquake title
A5: Magnitude | B5: Numeric | C5: Numerical earthquake magnitude
A6: Date_Time | B6: Text | C6: Stored as text in raw dataset
A7: CDI | B7: Numeric | C7: Numerical intensity value
A8: MMI | B8: Numeric | C8: Numerical intensity value
A9: Alert | B9: Categorial | C9: Hazard-level categories
A10: Tsunami | B10: Categorial | C10: Binary/category indicator
A11: SIG | B11: Numeric | C11: Numerical significance score
A12: NET | B12: Categorial | C12: Network/source code
A13: NST | B13: Numeric | C13: Numerical station count
A14: DMIN | B14: Numeric | C14: Numerical minimum distance
... A22: Country | B22: Categorial | C22: Geographic category

Sheet Missing_Audit
A1: Missing Value Audit
A3: Field | B3: Blank Count | C3: Blank Percentage
A4: alert | B4: =COUNTBLANK(Raw_Data!F2:F1001) -> 551 | C4: =B4/1000 -> 0.551
A5: continent | B5: =COUNTBLANK(Raw_Data!R2:R1001) -> 716 | C5: =B5/1000 -> 0.716
A6: country | B6: =COUNTBLANK(Raw_Data!S2:S1001) -> 349 | C6: =B6/1000 -> 0.349
A7: location | B7: =COUNTBLANK(Raw_Data!Q2:Q1001) -> 6 | C7: =B7/1000 -> 0.006

Sheet Raw_Data
A1: title | B1: magnitude | C1: date_time | D1: cdi | E1: mmi | F1: alert | G1: tsunami | H1: sig | I1: net | J1: nst | K1: dmin | L1: gap | M1: magType | N1: depth | O1: latitude | P1: longitude | Q1: location | R1: continent | S1: country | T1: date_time_converted | U1: converted_is_number | V1: raw_date_is_number | W1: title_pattern | X1: magType_normalized | Y1: duplicate_count | Z1: duplicate_flag | AA1: date_status
A2: M 6.5 - 42 km W of Sola, Vanuatu | B2: 6.5 | C2: 16/08/2023 12:47 | D2: 7 | E2: 4 | F2: green | G2: 0 | H2: 657 | I2: us | J2: 114 | K2: 7.177 | L2: 25 | M2: mww | N2: 192.955 | O2: -13.8814 | P2: 167.158 | Q2: Sola, Vanuatu | S2: Vanuatu | T2: =IF(C2="","",IF(ISNUMBER(C2),DATE(YEAR(C2),DAY(C2),MONTH(C2))+TIME(HOUR(C2),MINUTE(C2),SECOND(C2)),DATE(VALUE(MID(C2,7,4)),VALUE(MID(C2,4,2)),VALUE(MID(C2,1,2)))+TIME(VALUE(MID(C2,12,2)),VALUE(MID(C2,15,2)),0))) -> 45154.533 | U2: =ISNUMBER(T2) -> TRUE | V2: =ISNUMBER(C2) -> FALSE | W2: =IFERROR(__xludf.DUMMYFUNCTION("IF(REGEXMATCH(A2,""[0-9]+(\.[0-9]+)?\s*km""),""Distance/Location"",""Named Region"")"),"Distance/Location") -> Distance/Location | X2: =LOWER(M2) -> mww | Y2: =COUNTIFS($A$2:$A$1001,A2,$C$2:$C$1001,C2) -> 1 | Z2: =IF(Y2>1,"Duplicate","Unique") -> Unique | AA2: =IF(U2=TRUE,"Valid","Invalid") -> Valid
A3: M 6.5 - 43 km S of Intipucá, El Salvador | B3: 6.5 | C3: 19/07/2023 00:22 | D3: 8 | E3: 6 | F3: yellow | G3: 0 | H3: 775 | I3: us | J3: 92 | K3: 0.679 | L3: 40 | M3: mww | N3: 69.727 | O3: 12.814 | P3: -88.1265 | Q3: Intipucá, El Salvador | T3: =IF(C3="","",IF(ISNUMBER(C3),DATE(YEAR(C3),DAY(C3),MONTH(C3))+TIME(HOUR(C3),MINUTE(C3),SECOND(C3)),DATE(VALUE(MID(C3,7,4)),VALUE(MID(C3,4,2)),VALUE(MID(C3,1,2)))+TIME(VALUE(MID(C3,12,2)),VALUE(MID(C3,15,2)),0))) -> 45126.015 | U3: =ISNUMBER(T3) -> TRUE | V3: =ISNUMBER(C3) -> FALSE | W3: =IFERROR(__xludf.DUMMYFUNCTION("IF(REGEXMATCH(A3,""[0-9]+(\.[0-9]+)?\s*km""),""Distance/Location"",""Named Region"")"),"Distance/Location") -> Distance/Location | X3: =LOWER(M3) -> mww | Y3: =COUNTIFS($A$2:$A$1001,A3,$C$2:$C$1001,C3) -> 1 | Z3: =IF(Y3>1,"Duplicate","Unique") -> Unique | AA3: =IF(U3=TRUE,"Valid","Invalid") -> Valid
A4: M 6.6 - 25 km ESE of Loncopué, Argentina | B4: 6.6 | C4: 17/07/2023 03:05 | D4: 7 | E4: 5 | F4: green | G4: 0 | H4: 899 | I4: us | J4: 70 | K4: 1.634 | L4: 28 | M4: mww | N4: 171.371 | O4: -38.1911 | P4: -70.3731 | Q4: Loncopué, Argentina | R4: South America | S4: Argentina | T4: =IF(C4="","",IF(ISNUMBER(C4),DATE(YEAR(C4),DAY(C4),MONTH(C4))+TIME(HOUR(C4),MINUTE(C4),SECOND(C4)),DATE(VALUE(MID(C4,7,4)),VALUE(MID(C4,4,2)),VALUE(MID(C4,1,2)))+TIME(VALUE(MID(C4,12,2)),VALUE(MID(C4,15,2)),0))) -> 45124.128 | U4: =ISNUMBER(T4) -> TRUE | V4: =ISNUMBER(C4) -> FALSE | W4: =IFERROR(__xludf.DUMMYFUNCTION("IF(REGEXMATCH(A4,""[0-9]+(\.[0-9]+)?\s*km""),""Distance/Location"",""Named Region"")"),"Distance/Location") -> Distance/Location | X4: =LOWER(M4) -> mww | Y4: =COUNTIFS($A$2:$A$1001,A4,$C$2:$C$1001,C4) -> 1 | Z4: =IF(Y4>1,"Duplicate","Unique") -> Unique | AA4: =IF(U4=TRUE,"Valid","Invalid") -> Valid
A5: M 7.2 - 98 km S of Sand Point, Alaska | B5: 7.2 | C5: 16/07/2023 06:48 | D5: 6 | E5: 6 | F5: green | G5: 1 | H5: 860 | I5: us | J5: 173 | K5: 0.907 | L5: 36 | M5: mww | N5: 32.571 | O5: 54.3844 | P5: -160.699 | Q5: Sand Point, Alaska | T5: =IF(C5="","",IF(ISNUMBER(C5),DATE(YEAR(C5),DAY(C5),MONTH(C5))+TIME(HOUR(C5),MINUTE(C5),SECOND(C5)),DATE(VALUE(MID(C5,7,4)),VALUE(MID(C5,4,2)),VALUE(MID(C5,1,2)))+TIME(VALUE(MID(C5,12,2)),VALUE(MID(C5,15,2)),0))) -> 45123.283 | U5: =ISNUMBER(T5) -> TRUE | V5: =ISNUMBER(C5) -> FALSE | W5: =IFERROR(__xludf.DUMMYFUNCTION("IF(REGEXMATCH(A5,""[0-9]+(\.[0-9]+)?\s*km""),""Distance/Location"",""Named Region"")"),"Distance/Location") -> Distance/Location | X5: =LOWER(M5) -> mww | Y5: =COUNTIFS($A$2:$A$1001,A5,$C$2:$C$1001,C5) -> 1 | Z5: =IF(Y5>1,"Duplicate","Unique") -> Unique | AA5: =IF(U5=TRUE,"Valid","Invalid") -> Valid
A6: M 7.3 - Alaska Peninsula | B6: 7.3 | C6: 16/07/2023 06:48 | D6: 0 | E6: 5 | G6: 1 | H6: 820 | I6: at | J6: 79 | K6: 0.879451 | L6: 172.8 | M6: Mi | N6: 21 | O6: 54.49 | P6: -160.796 | Q6: Alaska Peninsula | T6: =IF(C6="","",IF(ISNUMBER(C6),DATE(YEAR(C6),DAY(C6),MONTH(C6))+TIME(HOUR(C6),MINUTE(C6),SECOND(C6)),DATE(VALUE(MID(C6,7,4)),VALUE(MID(C6,4,2)),VALUE(MID(C6,1,2)))+TIME(VALUE(MID(C6,12,2)),VALUE(MID(C6,15,2)),0))) -> 45123.283 | U6: =ISNUMBER(T6) -> TRUE | V6: =ISNUMBER(C6) -> FALSE | W6: =IFERROR(__xludf.DUMMYFUNCTION("IF(REGEXMATCH(A6,""[0-9]+(\.[0-9]+)?\s*km""),""Distance/Location"",""Named Region"")"),"Named Region") -> Named Region | X6: =LOWER(M6) -> mi | Y6: =COUNTIFS($A$2:$A$1001,A6,$C$2:$C$1001,C6) -> 1 | Z6: =IF(Y6>1,"Duplicate","Unique") -> Unique | AA6: =IF(U6=TRUE,"Valid","Invalid") -> Valid
A7: M 6.6 - 277 km NNE of Codrington, Antigua and Barbuda | B7: 6.6 | C7: 45206.853 | D7: 5 | E7: 4 | F7: green | G7: 1 | H7: 802 | I7: us | J7: 95 | K7: 2.454 | L7: 37 | M7: mww | N7: 10 | O7: 20.0196 | P7: -61.0955 | Q7: Codrington, Antigua and Barbuda | T7: =IF(C7="","",IF(ISNUMBER(C7),DATE(YEAR(C7),DAY(C7),MONTH(C7))+TIME(HOUR(C7),MINUTE(C7),SECOND(C7)),DATE(VALUE(MID(C7,7,4)),VALUE(MID(C7,4,2)),VALUE(MID(C7,1,2)))+TIME(VALUE(MID(C7,12,2)),VALUE(MID(C7,15,2)),0))) -> 45117.853 | U7: =ISNUMBER(T7) -> TRUE | V7: =ISNUMBER(C7) -> TRUE | W7: =IFERROR(__xludf.DUMMYFUNCTION("IF(REGEXMATCH(A7,""[0-9]+(\.[0-9]+)?\s*km""),""Distance/Location"",""Named Region"")"),"Distance/Location") -> Distance/Location | X7: =LOWER(M7) -> mww | Y7: =COUNTIFS($A$2:$A$1001,A7,$C$2:$C$1001,C7) -> 1 | Z7: =IF(Y7>1,"Duplicate","Unique") -> Unique | AA7: =IF(U7=TRUE,"Valid","Invalid") -> Valid
A8: M 6.9 - Tonga | B8: 6.9 | C8: 44964.435 | D8: 4 | E8: 4 | F8: green | G8: 1 | H8: 741 | I8: us | J8: 136 | K8: 1.179 | L8: 23 | M8: mww | N8: 229 | O8: -17.853 | P8: -174.937 | Q8: Tonga | T8: =IF(C8="","",IF(ISNUMBER(C8),DATE(YEAR(C8),DAY(C8),MONTH(C8))+TIME(HOUR(C8),MINUTE(C8),SECOND(C8)),DATE(VALUE(MID(C8,7,4)),VALUE(MID(C8,4,2)),VALUE(MID(C8,1,2)))+TIME(VALUE(MID(C8,12,2)),VALUE(MID(C8,15,2)),0))) -> 45109.435 | U8: =ISNUMBER(T8) -> TRUE | V8: =ISNUMBER(C8) -> TRUE | W8: =IF(ISNUMBER(SEARCH(" km ",A8)),"Distance/Location","Named Region") -> Named Region | X8: =LOWER(M8) -> mww | Y8: =COUNTIFS($A$2:$A$1001,A8,$C$2:$C$1001,C8) -> 1 | Z8: =IF(Y8>1,"Duplicate","Unique") -> Unique | AA8: =IF(U8=TRUE,"Valid","Invalid") -> Valid
A9: M 7.2 - south of the Fiji Islands | B9: 7.2 | C9: 15/06/2023 18:06 | D9: 8 | E9: 6 | F9: green | G9: 1 | H9: 804 | I9: us | J9: 85 | K9: 2.59 | L9: 24 | M9: mww | N9: 167.404 | O9: -22.9824 | P9: -177.208 | Q9: the Fiji Islands | T9: =IF(C9="","",IF(ISNUMBER(C9),DATE(YEAR(C9),DAY(C9),MONTH(C9))+TIME(HOUR(C9),MINUTE(C9),SECOND(C9)),DATE(VALUE(MID(C9,7,4)),VALUE(MID(C9,4,2)),VALUE(MID(C9,1,2)))+TIME(VALUE(MID(C9,12,2)),VALUE(MID(C9,15,2)),0))) -> 45092.754 | U9: =ISNUMBER(T9) -> TRUE | V9: =ISNUMBER(C9) -> FALSE | W9: =IF(ISNUMBER(SEARCH(" km ",A9)),"Distance/Location","Named Region") -> Named Region | X9: =LOWER(M9) -> mww | Y9: =COUNTIFS($A$2:$A$1001,A9,$C$2:$C$1001,C9) -> 1 | Z9: =IF(Y9>1,"Duplicate","Unique") -> Unique | AA9: =IF(U9=TRUE,"Valid","Invalid") -> Valid
A10: M 6.6 - Panama-Colombia border region | B10: 6.6 | C10: 25/05/2023 03:05 | D10: 6 | E10: 6 | F10: green | G10: 1 | H10: 733 | I10: us | J10: 50 | K10: 2.163 | L10: 129 | M10: mww | N10: 10 | O10: 8.8894 | P10: -77.1231 | Q10: Panama-Colombia border region | S10: Colombia | T10: =IF(C10="","",IF(ISNUMBER(C10),DATE(YEAR(C10),DAY(C10),MONTH(C10))+TIME(HOUR(C10),MINUTE(C10),SECOND(C10)),DATE(VALUE(MID(C10,7,4)),VALUE(MID(C10,4,2)),VALUE(MID(C10,1,2)))+TIME(VALUE(MID(C10,12,2)),VALUE(MID(C10,15,2)),0))) -> 45071.128 | U10: =ISNUMBER(T10) -> TRUE | V10: =ISNUMBER(C10) -> FALSE | W10: =IF(ISNUMBER(SEARCH(" km ",A10)),"Distance/Location","Named Region") -> Named Region | X10: =LOWER(M10) -> mww | Y10: =COUNTIFS($A$2:$A$1001,A10,$C$2:$C$1001,C10) -> 1 | Z10: =IF(Y10>1,"Duplicate","Unique") -> Unique | AA10: =IF(U10=TRUE,"Valid","Invalid") -> Valid
A11: M 7.1 - southeast of the Loyalty Islands | B11: 7.1 | C11: 20/05/2023 01:51 | D11: 3 | E11: 4 | F11: green | G11: 1 | H11: 777 | I11: us | J11: 98 | K11: 2.812 | L11: 56 | M11: mww | N11: 35.981 | O11: -23.0622 | P11: 170.456 | Q11: the Loyalty Islands | T11: =IF(C11="","",IF(ISNUMBER(C11),DATE(YEAR(C11),DAY(C11),MONTH(C11))+TIME(HOUR(C11),MINUTE(C11),SECOND(C11)),DATE(VALUE(MID(C11,7,4)),VALUE(MID(C11,4,2)),VALUE(MID(C11,1,2)))+TIME(VALUE(MID(C11,12,2)),VALUE(MID(C11,15,2)),0))) -> 45066.077 | U11: =ISNUMBER(T11) -> TRUE | V11: =ISNUMBER(C11) -> FALSE | W11: =IF(ISNUMBER(SEARCH(" km ",A11)),"Distance/Location","Named Region") -> Named Region | X11: =LOWER(M11) -> mww | Y11: =COUNTIFS($A$2:$A$1001,A11,$C$2:$C$1001,C11) -> 1 | Z11: =IF(Y11>1,"Duplicate","Unique") -> Unique | AA11: =IF(U11=TRUE,"Valid","Invalid") -> Valid
A12: M 7.7 - southeast of the Loyalty Islands | B12: 7.7 | C12: 19/05/2023 02:57 | D12: 5 | E12: 4 | F12: green | G12: 1 | H12: 927 | I12: us | J12: 277 | K12: 3.111 | L12: 15 | M12: mww | N12: 18.027 | O12: -23.2286 | P12: 170.694 | Q12: the Loyalty Islands | T12: =IF(C12="","",IF(ISNUMBER(C12),DATE(YEAR(C12),DAY(C12),MONTH(C12))+TIME(HOUR(C12),MINUTE(C12),SECOND(C12)),DATE(VALUE(MID(C12,7,4)),VALUE(MID(C12,4,2)),VALUE(MID(C12,1,2)))+TIME(VALUE(MID(C12,12,2)),VALUE(MID(C12,15,2)),0))) -> 45065.123 | U12: =ISNUMBER(T12) -> TRUE | V12: =ISNUMBER(C12) -> FALSE | W12: =IF(ISNUMBER(SEARCH(" km ",A12)),"Distance/Location","Named Region") -> Named Region | X12: =LOWER(M12) -> mww | Y12: =COUNTIFS($A$2:$A$1001,A12,$C$2:$C$1001,C12) -> 1 | Z12: =IF(Y12>1,"Duplicate","Unique") -> Unique | AA12: =IF(U12=TRUE,"Valid","Invalid") -> Valid
A13: M 7.6 - 95 km WNW of Hihifo, Tonga | B13: 7.6 | C13: 45204.668 | D13: 8 | E13: 6 | F13: green | G13: 1 | H13: 907 | I13: us | J13: 111 | K13: 3.631 | L13: 17 | M13: mww | N13: 210.097 | O13: -15.6002 | P13: -174.608 | Q13: Hihifo, Tonga | T13: =IF(C13="","",IF(ISNUMBER(C13),DATE(YEAR(C13),DAY(C13),MONTH(C13))+TIME(HOUR(C13),MINUTE(C13),SECOND(C13)),DATE(VALUE(MID(C13,7,4)),VALUE(MID(C13,4,2)),VALUE(MID(C13,1,2)))+TIME(VALUE(MID(C13,12,2)),VALUE(MID(C13,15,2)),0))) -> 45056.668 | U13: =ISNUMBER(T13) -> TRUE | V13: =ISNUMBER(C13) -> TRUE | W13: =IF(ISNUMBER(SEARCH(" km ",A13)),"Distance/Location","Named Region") -> Distance/Location | X13: =LOWER(M13) -> mww | Y13: =COUNTIFS($A$2:$A$1001,A13,$C$2:$C$1001,C13) -> 1 | Z13: =IF(Y13>1,"Duplicate","Unique") -> Unique | AA13: =IF(U13=TRUE,"Valid","Invalid") -> Valid
A14: M 6.6 - south of the Fiji Islands | B14: 6.6 | C14: 28/04/2023 03:13 | D14: 0 | E14: 2 | F14: green | G14: 0 | H14: 670 | I14: us | J14: 52 | K14: 5.123 | L14: 50 | M14: mww | N14: 598.467 | O14: -25.2657 | P14: 178.424 | Q14: the Fiji Islands | T14: =IF(C14="","",IF(ISNUMBER(C14),DATE(YEAR(C14),DAY(C14),MONTH(C14))+TIME(HOUR(C14),MINUTE(C14),SECOND(C14)),DATE(VALUE(MID(C14,7,4)),VALUE(MID(C14,4,2)),VALUE(MID(C14,1,2)))+TIME(VALUE(MID(C14,12,2)),VALUE(MID(C14,15,2)),0))) -> 45044.134 | U14: =ISNUMBER(T14) -> TRUE | V14: =ISNUMBER(C14) -> FALSE | W14: =IF(ISNUMBER(SEARCH(" km ",A14)),"Distance/Location","Named Region") -> Named Region | X14: =LOWER(M14) -> mww | Y14: =COUNTIFS($A$2:$A$1001,A14,$C$2:$C$1001,C14) -> 1 | Z14: =IF(Y14>1,"Duplicate","Unique") -> Unique | AA14: =IF(U14=TRUE,"Valid","Invalid") -> Valid
A15: M 7.1 - 170 km SSE of Teluk Dalam, Indonesia | B15: 7.1 | C15: 24/04/2023 20:00 | D15: 9 | E15: 7 | F15: green | G15: 0 | H15: 838 | I15: us | J15: 70 | K15: 2.282 | L15: 58 | M15: mww | N15: 15.462 | O15: -0.781 | P15: 98.5339 | Q15: Teluk Dalam, Indonesia | S15: Indonesia | T15: =IF(C15="","",IF(ISNUMBER(C15),DATE(YEAR(C15),DAY(C15),MONTH(C15))+TIME(HOUR(C15),MINUTE(C15),SECOND(C15)),DATE(VALUE(MID(C15,7,4)),VALUE(MID(C15,4,2)),VALUE(MID(C15,1,2)))+TIME(VALUE(MID(C15,12,2)),VALUE(MID(C15,15,2)),0))) -> 45040.833 | U15: =ISNUMBER(T15) -> TRUE | V15: =ISNUMBER(C15) -> FALSE | W15: =IF(ISNUMBER(SEARCH(" km ",A15)),"Distance/Location","Named Region") -> Distance/Location | X15: =LOWER(M15) -> mww | Y15: =COUNTIFS($A$2:$A$1001,A15,$C$2:$C$1001,C15) -> 1 | Z15: =IF(Y15>1,"Duplicate","Unique") -> Unique | AA15: =IF(U15=TRUE,"Valid","Invalid") -> Valid
A16: M 7.1 - Kermadec Islands, New Zealand | B16: 7.1 | C16: 24/04/2023 00:41 | D16: 8 | E16: 7 | F16: green | G16: 1 | H16: 777 | I16: us | J16: 126 | K16: 0.708 | L16: 23 | M16: mww | N16: 43.063 | O16: -30.0249 | P16: -177.897 | Q16: Kermadec Islands, New Zealand | T16: =IF(C16="","",IF(ISNUMBER(C16),DATE(YEAR(C16),DAY(C16),MONTH(C16))+TIME(HOUR(C16),MINUTE(C16),SECOND(C16)),DATE(VALUE(MID(C16,7,4)),VALUE(MID(C16,4,2)),VALUE(MID(C16,1,2)))+TIME(VALUE(MID(C16,12,2)),VALUE(MID(C16,15,2)),0))) -> 45040.028 | U16: =ISNUMBER(T16) -> TRUE | V16: =ISNUMBER(C16) -> FALSE | W16: =IF(ISNUMBER(SEARCH(" km ",A16)),"Distance/Location","Named Region") -> Named Region | X16: =LOWER(M16) -> mww | Y16: =COUNTIFS($A$2:$A$1001,A16,$C$2:$C$1001,C16) -> 1 | Z16: =IF(Y16>1,"Duplicate","Unique") -> Unique | AA16: =IF(U16=TRUE,"Valid","Invalid") -> Valid
A17: M 6.7 - south of the Fiji Islands | B17: 6.7 | C17: 18/04/2023 04:31 | D17: 0 | E17: 3 | F17: green | G17: 1 | H17: 691 | I17: us | J17: 166 | K17: 4.719 | L17: 10 | M17: mww | N17: 595.854 | O17: -22.2844 | P17: 179.391 | Q17: the Fiji Islands | T17: =IF(C17="","",IF(ISNUMBER(C17),DATE(YEAR(C17),DAY(C17),MONTH(C17))+TIME(HOUR(C17),MINUTE(C17),SECOND(C17)),DATE(VALUE(MID(C17,7,4)),VALUE(MID(C17,4,2)),VALUE(MID(C17,1,2)))+TIME(VALUE(MID(C17,12,2)),VALUE(MID(C17,15,2)),0))) -> 45034.188 | U17: =ISNUMBER(T17) -> TRUE | V17: =ISNUMBER(C17) -> FALSE | W17: =IF(ISNUMBER(SEARCH(" km ",A17)),"Distance/Location","Named Region") -> Named Region | X17: =LOWER(M17) -> mww | Y17: =COUNTIFS($A$2:$A$1001,A17,$C$2:$C$1001,C17) -> 1 | Z17: =IF(Y17>1,"Duplicate","Unique") -> Unique | AA17: =IF(U17=TRUE,"Valid","Invalid") -> Valid
A18: M 7.0 - 96 km N of Tuban, Indonesia | B18: 7 | C18: 14/04/2023 09:55 | D18: 5 | E18: 3 | F18: green | G18: 0 | H18: 818 | I18: us | J18: 131 | K18: 1.881 | L18: 31 | M18: mww | N18: 594.028 | O18: -6.0255 | P18: 112.033 | Q18: Tuban, Indonesia | S18: Indonesia | T18: =IF(C18="","",IF(ISNUMBER(C18),DATE(YEAR(C18),DAY(C18),MONTH(C18))+TIME(HOUR(C18),MINUTE(C18),SECOND(C18)),DATE(VALUE(MID(C18,7,4)),VALUE(MID(C18,4,2)),VALUE(MID(C18,1,2)))+TIME(VALUE(MID(C18,12,2)),VALUE(MID(C18,15,2)),0))) -> 45030.413 | U18: =ISNUMBER(T18) -> TRUE | V18: =ISNUMBER(C18) -> FALSE | W18: =IF(ISNUMBER(SEARCH(" km ",A18)),"Distance/Location","Named Region") -> Distance/Location | X18: =LOWER(M18) -> mww | Y18: =COUNTIFS($A$2:$A$1001,A18,$C$2:$C$1001,C18) -> 1 | Z18: =IF(Y18>1,"Duplicate","Unique") -> Unique | AA18: =IF(U18=TRUE,"Valid","Invalid") -> Valid
A19: M 6.5 - near the east coast of the Kamchatka Peninsula, Russia | B19: 6.5 | C19: 44989.129 | D19: 7 | E19: 6 | F19: yellow | G19: 1 | H19: 655 | I19: us | J19: 104 | K19: 0.266 | L19: 30 | M19: mww | N19: 105.631 | O19: 52.7772 | P19: 158.484 | Q19: the Kamchatka Peninsula, Russia | R19: Asia | S19: Russian Federation (the) | T19: =IF(C19="","",IF(ISNUMBER(C19),DATE(YEAR(C19),DAY(C19),MONTH(C19))+TIME(HOUR(C19),MINUTE(C19),SECOND(C19)),DATE(VALUE(MID(C19,7,4)),VALUE(MID(C19,4,2)),VALUE(MID(C19,1,2)))+TIME(VALUE(MID(C19,12,2)),VALUE(MID(C19,15,2)),0))) -> 45019.129 | U19: =ISNUMBER(T19) -> TRUE | V19: =ISNUMBER(C19) -> TRUE | W19: =IF(ISNUMBER(SEARCH(" km ",A19)),"Distance/Location","Named Region") -> Named Region | X19: =LOWER(M19) -> mww | Y19: =COUNTIFS($A$2:$A$1001,A19,$C$2:$C$1001,C19) -> 1 | Z19: =IF(Y19>1,"Duplicate","Unique") -> Unique | AA19: =IF(U19=TRUE,"Valid","Invalid") -> Valid
A20: M 7.0 - New Guinea, Papua New Guinea | B20: 7 | C20: 44961.753 | D20: 7 | E20: 7 | F20: green | G20: 1 | H20: 781 | I20: us | J20: 105 | K20: 6.45 | L20: 31 | M20: mww | N20: 62.603 | O20: -4.2924 | P20: 143.155 | Q20: New Guinea, Papua New Guinea | R20: Asia | S20: Papua New Guinea | T20: =IF(C20="","",IF(ISNUMBER(C20),DATE(YEAR(C20),DAY(C20),MONTH(C20))+TIME(HOUR(C20),MINUTE(C20),SECOND(C20)),DATE(VALUE(MID(C20,7,4)),VALUE(MID(C20,4,2)),VALUE(MID(C20,1,2)))+TIME(VALUE(MID(C20,12,2)),VALUE(MID(C20,15,2)),0))) -> 45018.753 | U20: =ISNUMBER(T20) -> TRUE | V20: =ISNUMBER(C20) -> TRUE | W20: =IF(ISNUMBER(SEARCH(" km ",A20)),"Distance/Location","Named Region") -> Named Region | X20: =LOWER(M20) -> mww | Y20: =COUNTIFS($A$2:$A$1001,A20,$C$2:$C$1001,C20) -> 1 | Z20: =IF(Y20>1,"Duplicate","Unique") -> Unique | AA20: =IF(U20=TRUE,"Valid","Invalid") -> Valid
A21: M 6.5 - 84 km NNW of San Antonio de los Cobres, Argentina | B21: 6.5 | C21: 22/03/2023 16:00 | D21: 4 | E21: 4 | F21: green | G21: 0 | H21: 656 | I21: us | J21: 97 | K21: 1.622 | L21: 33 | M21: mww | N21: 209.976 | O21: -23.4797 | P21: -66.5108 | Q21: San Antonio de los Cobres, Argentina | R21: South America | S21: Argentina | T21: =IF(C21="","",IF(ISNUMBER(C21),DATE(YEAR(C21),DAY(C21),MONTH(C21))+TIME(HOUR(C21),MINUTE(C21),SECOND(C21)),DATE(VALUE(MID(C21,7,4)),VALUE(MID(C21,4,2)),VALUE(MID(C21,1,2)))+TIME(VALUE(MID(C21,12,2)),VALUE(MID(C21,15,2)),0))) -> 45007.667 | U21: =ISNUMBER(T21) -> TRUE | V21: =ISNUMBER(C21) -> FALSE | W21: =IF(ISNUMBER(SEARCH(" km ",A21)),"Distance/Location","Named Region") -> Distance/Location | X21: =LOWER(M21) -> mww | Y21: =COUNTIFS($A$2:$A$1001,A21,$C$2:$C$1001,C21) -> 1 | Z21: =IF(Y21>1,"Duplicate","Unique") -> Unique | AA21: =IF(U21=TRUE,"Valid","Invalid") -> Valid
A22: M 6.5 - 40 km SSE of Jurm, Afghanistan | B22: 6.5 | C22: 21/03/2023 16:47 | D22: 7 | E22: 5 | F22: green | G22: 0 | H22: 1350 | I22: us | J22: 134 | K22: 2.53 | L22: 13 | M22: mww | N22: 187.589 | O22: 36.5227 | P22: 70.9787 | Q22: Jurm, Afghanistan | R22: Asia | S22: Afghanistan | T22: =IF(C22="","",IF(ISNUMBER(C22),DATE(YEAR(C22),DAY(C22),MONTH(C22))+TIME(HOUR(C22),MINUTE(C22),SECOND(C22)),DATE(VALUE(MID(C22,7,4)),VALUE(MID(C22,4,2)),VALUE(MID(C22,1,2)))+TIME(VALUE(MID(C22,12,2)),VALUE(MID(C22,15,2)),0))) -> 45006.699 | U22: =ISNUMBER(T22) -> TRUE | V22: =ISNUMBER(C22) -> FALSE | W22: =IF(ISNUMBER(SEARCH(" km ",A22)),"Distance/Location","Named Region") -> Distance/Location | X22: =LOWER(M22) -> mww | Y22: =COUNTIFS($A$2:$A$1001,A22,$C$2:$C$1001,C22) -> 1 | Z22: =IF(Y22>1,"Duplicate","Unique") -> Unique | AA22: =IF(U22=TRUE,"Valid","Invalid") -> Valid
A23: M 6.8 - near the coast of Ecuador | B23: 6.8 | C23: 18/03/2023 17:12 | D23: 9 | E23: 7 | F23: orange | G23: 1 | H23: 1159 | I23: us | J23: 152 | K23: 0.709 | L23: 28 | M23: mww | N23: 65.842 | O23: -2.851 | P23: -79.8001 | Q23: Ecuador | R23: South America | S23: Ecuador | T23: =IF(C23="","",IF(ISNUMBER(C23),DATE(YEAR(C23),DAY(C23),MONTH(C23))+TIME(HOUR(C23),MINUTE(C23),SECOND(C23)),DATE(VALUE(MID(C23,7,4)),VALUE(MID(C23,4,2)),VALUE(MID(C23,1,2)))+TIME(VALUE(MID(C23,12,2)),VALUE(MID(C23,15,2)),0))) -> 45003.717 | U23: =ISNUMBER(T23) -> TRUE | V23: =ISNUMBER(C23) -> FALSE | W23: =IF(ISNUMBER(SEARCH(" km ",A23)),"Distance/Location","Named Region") -> Named Region | X23: =LOWER(M23) -> mww | Y23: =COUNTIFS($A$2:$A$1001,A23,$C$2:$C$1001,C23) -> 1 | Z23: =IF(Y23>1,"Duplicate","Unique") -> Unique | AA23: =IF(U23=TRUE,"Valid","Invalid") -> Valid
A24: M 7.0 - Kermadec Islands region | B24: 7 | C24: 16/03/2023 00:56 | D24: 8 | E24: 5 | F24: green | G24: 1 | H24: 756 | I24: us | J24: 116 | K24: 1.789 | L24: 22 | M24: mww | N24: 22.065 | O24: -30.1147 | P24: -176.112 | Q24: Kermadec Islands region | T24: =IF(C24="","",IF(ISNUMBER(C24),DATE(YEAR(C24),DAY(C24),MONTH(C24))+TIME(HOUR(C24),MINUTE(C24),SECOND(C24)),DATE(VALUE(MID(C24,7,4)),VALUE(MID(C24,4,2)),VALUE(MID(C24,1,2)))+TIME(VALUE(MID(C24,12,2)),VALUE(MID(C24,15,2)),0))) -> 45001.039 | U24: =ISNUMBER(T24) -> TRUE | V24: =ISNUMBER(C24) -> FALSE | W24: =IF(ISNUMBER(SEARCH(" km ",A24)),"Distance/Location","Named Region") -> Named Region | X24: =LOWER(M24) -> mww | Y24: =COUNTIFS($A$2:$A$1001,A24,$C$2:$C$1001,C24) -> 1 | Z24: =IF(Y24>1,"Duplicate","Unique") -> Unique | AA24: =IF(U24=TRUE,"Valid","Invalid") -> Valid
A25: M 6.9 - Kermadec Islands, New Zealand | B25: 6.9 | C25: 45019.278 | D25: 5 | E25: 5 | F25: green | G25: 1 | H25: 735 | I25: us | J25: 108 | K25: 0.784 | L25: 18 | M25: mww | N25: 205.681 | O25: -29.4748 | P25: -178.787 | Q25: Kermadec Islands, New Zealand | T25: =IF(C25="","",IF(ISNUMBER(C25),DATE(YEAR(C25),DAY(C25),MONTH(C25))+TIME(HOUR(C25),MINUTE(C25),SECOND(C25)),DATE(VALUE(MID(C25,7,4)),VALUE(MID(C25,4,2)),VALUE(MID(C25,1,2)))+TIME(VALUE(MID(C25,12,2)),VALUE(MID(C25,15,2)),0))) -> 44989.278 | U25: =ISNUMBER(T25) -> TRUE | V25: =ISNUMBER(C25) -> TRUE | W25: =IF(ISNUMBER(SEARCH(" km ",A25)),"Distance/Location","Named Region") -> Named Region | X25: =LOWER(M25) -> mww | Y25: =COUNTIFS($A$2:$A$1001,A25,$C$2:$C$1001,C25) -> 1 | Z25: =IF(Y25>1,"Duplicate","Unique") -> Unique | AA25: =IF(U25=TRUE,"Valid","Invalid") -> Valid
A26: M 6.5 - 86 km WSW of Port-Olry, Vanuatu | B26: 6.5 | C26: 44960.753 | D26: 7 | E26: 6 | F26: green | G26: 1 | H26: 653 | I26: us | J26: 66 | K26: 5.483 | L26: 45 | M26: mww | N26: 10 | O26: -15.3597 | P26: 166.385 | Q26: Port-Olry, Vanuatu | T26: =IF(C26="","",IF(ISNUMBER(C26),DATE(YEAR(C26),DAY(C26),MONTH(C26))+TIME(HOUR(C26),MINUTE(C26),SECOND(C26)),DATE(VALUE(MID(C26,7,4)),VALUE(MID(C26,4,2)),VALUE(MID(C26,1,2)))+TIME(VALUE(MID(C26,12,2)),VALUE(MID(C26,15,2)),0))) -> 44987.753 | U26: =ISNUMBER(T26) -> TRUE | V26: =ISNUMBER(C26) -> TRUE | W26: =IF(ISNUMBER(SEARCH(" km ",A26)),"Distance/Location","Named Region") -> Distance/Location | X26: =LOWER(M26) -> mww | Y26: =COUNTIFS($A$2:$A$1001,A26,$C$2:$C$1001,C26) -> 1 | Z26: =IF(Y26>1,"Duplicate","Unique") -> Unique | AA26: =IF(U26=TRUE,"Valid","Invalid") -> Valid
A27: M 6.5 - 108 km NW of Kimbe, Papua New Guinea | B27: 6.5 | C27: 44929.233 | D27: 4 | E27: 2 | F27: green | G27: 1 | H27: 652 | I27: us | J27: 115 | K27: 2.739 | L27: 20 | M27: mww | N27: 598.925 | O27: -4.8138 | P27: 149.487 | Q27: Kimbe, Papua New Guinea | S27: Papua New Guinea | T27: =IF(C27="","",IF(ISNUMBER(C27),DATE(YEAR(C27),DAY(C27),MONTH(C27))+TIME(HOUR(C27),MINUTE(C27),SECOND(C27)),DATE(VALUE(MID(C27,7,4)),VALUE(MID(C27,4,2)),VALUE(MID(C27,1,2)))+TIME(VALUE(MID(C27,12,2)),VALUE(MID(C27,15,2)),0))) -> 44986.233 | U27: =ISNUMBER(T27) -> TRUE | V27: =ISNUMBER(C27) -> TRUE | W27: =IF(ISNUMBER(SEARCH(" km ",A27)),"Distance/Location","Named Region") -> Distance/Location | X27: =LOWER(M27) -> mww | Y27: =COUNTIFS($A$2:$A$1001,A27,$C$2:$C$1001,C27) -> 1 | Z27: =IF(Y27>1,"Duplicate","Unique") -> Unique | AA27: =IF(U27=TRUE,"Valid","Invalid") -> Valid
A28: M 6.8 - 67 km W of Murghob, Tajikistan | B28: 6.8 | C28: 23/02/2023 00:37 | D28: 9 | E28: 7 | F28: green | G28: 0 | H28: 737 | I28: us | J28: 128 | K28: 1.783 | L28: 20 | M28: mww | N28: 20.522 | O28: 38.0726 | P28: 73.2077 | Q28: Murghob, Tajikistan | R28: Asia | S28: Tajikistan | T28: =IF(C28="","",IF(ISNUMBER(C28),DATE(YEAR(C28),DAY(C28),MONTH(C28))+TIME(HOUR(C28),MINUTE(C28),SECOND(C28)),DATE(VALUE(MID(C28,7,4)),VALUE(MID(C28,4,2)),VALUE(MID(C28,1,2)))+TIME(VALUE(MID(C28,12,2)),VALUE(MID(C28,15,2)),0))) -> 44980.026 | U28: =ISNUMBER(T28) -> TRUE | V28: =ISNUMBER(C28) -> FALSE | W28: =IF(ISNUMBER(SEARCH(" km ",A28)),"Distance/Location","Named Region") -> Distance/Location | X28: =LOWER(M28) -> mww | Y28: =COUNTIFS($A$2:$A$1001,A28,$C$2:$C$1001,C28) -> 1 | Z28: =IF(Y28>1,"Duplicate","Unique") -> Unique | AA28: =IF(U28=TRUE,"Valid","Invalid") -> Valid
A29: M 7.5 - 4 km SSE of Ekinözü, Turkey | B29: 7.5 | C29: 45079.433 | D29: 9 | E29: 9 | F29: orange | G29: 0 | H29: 1411 | I29: us | J29: 135 | K29: 0.85 | L29: 17 | M29: mww | N29: 10 | O29: 38.0235 | P29: 37.203 | Q29: Ekinözü, Turkey | R29: Asia | S29: Turkiye | T29: =IF(C29="","",IF(ISNUMBER(C29),DATE(YEAR(C29),DAY(C29),MONTH(C29))+TIME(HOUR(C29),MINUTE(C29),SECOND(C29)),DATE(VALUE(MID(C29,7,4)),VALUE(MID(C29,4,2)),VALUE(MID(C29,1,2)))+TIME(VALUE(MID(C29,12,2)),VALUE(MID(C29,15,2)),0))) -> 44963.433 | U29: =ISNUMBER(T29) -> TRUE | V29: =ISNUMBER(C29) -> TRUE | W29: =IF(ISNUMBER(SEARCH(" km ",A29)),"Distance/Location","Named Region") -> Distance/Location | X29: =LOWER(M29) -> mww | Y29: =COUNTIFS($A$2:$A$1001,A29,$C$2:$C$1001,C29) -> 1 | Z29: =IF(Y29>1,"Duplicate","Unique") -> Unique | AA29: =IF(U29=TRUE,"Valid","Invalid") -> Valid
A30: M 6.7 - 18 km ESE of Nurdağı, Turkey | B30: 6.7 | C30: 45079.061 | D30: 9 | E30: 8 | F30: yellow | G30: 0 | H30: 800 | I30: us | J30: 108 | K30: 0.218 | L30: 44 | M30: mww | N30: 14.497 | O30: 37.4135 | P30: 36.8306 | Q30: Nurdağı, Turkey | R30: Asia | S30: Turkiye | T30: =IF(C30="","",IF(ISNUMBER(C30),DATE(YEAR(C30),DAY(C30),MONTH(C30))+TIME(HOUR(C30),MINUTE(C30),SECOND(C30)),DATE(VALUE(MID(C30,7,4)),VALUE(MID(C30,4,2)),VALUE(MID(C30,1,2)))+TIME(VALUE(MID(C30,12,2)),VALUE(MID(C30,15,2)),0))) -> 44963.061 | U30: =ISNUMBER(T30) -> TRUE | V30: =ISNUMBER(C30) -> TRUE | W30: =IF(ISNUMBER(SEARCH(" km ",A30)),"Distance/Location","Named Region") -> Distance/Location | X30: =LOWER(M30) -> mww | Y30: =COUNTIFS($A$2:$A$1001,A30,$C$2:$C$1001,C30) -> 1 | Z30: =IF(Y30>1,"Duplicate","Unique") -> Unique | AA30: =IF(U30=TRUE,"Valid","Invalid") -> Valid
A31: M 7.8 - Central Turkey | B31: 7.8 | C31: 45079.053 | D31: 9 | E31: 9 | F31: red | G31: 0 | H31: 2910 | I31: us | J31: 118 | K31: 1.919 | L31: 32 | M31: mww | N31: 17.925 | O31: 37.2012 | P31: 36.9997 | Q31: Central Turkey | R31: Asia | S31: Turkiye | T31: =IF(C31="","",IF(ISNUMBER(C31),DATE(YEAR(C31),DAY(C31),MONTH(C31))+TIME(HOUR(C31),MINUTE(C31),SECOND(C31)),DATE(VALUE(MID(C31,7,4)),VALUE(MID(C31,4,2)),VALUE(MID(C31,1,2)))+TIME(VALUE(MID(C31,12,2)),VALUE(MID(C31,15,2)),0))) -> 44963.053 | U31: =ISNUMBER(T31) -> TRUE | V31: =ISNUMBER(C31) -> TRUE | W31: =IF(ISNUMBER(SEARCH(" km ",A31)),"Distance/Location","Named Region") -> Named Region | X31: =LOWER(M31) -> mww | Y31: =COUNTIFS($A$2:$A$1001,A31,$C$2:$C$1001,C31) -> 1 | Z31: =IF(Y31>1,"Duplicate","Unique") -> Unique | AA31: =IF(U31=TRUE,"Valid","Invalid") -> Valid
A32: M 6.8 - | B32: 6.8 | C32: 20/01/2023 22:09 | D32: 4 | E32: 3 | F32: green | G32: 0 | H32: 718 | I32: us | J32: 60 | K32: 5.129 | L32: 61 | M32: mww | N32: 610.671 | O32: -26.7209 | P32: -63.0394 | R32: South America | S32: Argentina | T32: =IF(C32="","",IF(ISNUMBER(C32),DATE(YEAR(C32),DAY(C32),MONTH(C32))+TIME(HOUR(C32),MINUTE(C32),SECOND(C32)),DATE(VALUE(MID(C32,7,4)),VALUE(MID(C32,4,2)),VALUE(MID(C32,1,2)))+TIME(VALUE(MID(C32,12,2)),VALUE(MID(C32,15,2)),0))) -> 44946.923 | U32: =ISNUMBER(T32) -> TRUE | V32: =ISNUMBER(C32) -> FALSE | W32: =IF(ISNUMBER(SEARCH(" km ",A32)),"Distance/Location","Named Region") -> Named Region | X32: =LOWER(M32) -> mww | Y32: =COUNTIFS($A$2:$A$1001,A32,$C$2:$C$1001,C32) -> 1 | Z32: =IF(Y32>1,"Duplicate","Unique") -> Unique | AA32: =IF(U32=TRUE,"Valid","Invalid") -> Valid
A33: M 7.0 - 153 km NW of Tobelo, Indonesia | B33: 7 | C33: 18/01/2023 06:06 | D33: 3 | E33: 5 | F33: green | G33: 1 | H33: 756 | I33: us | J33: 130 | K33: 1.974 | L33: 17 | M33: mwc | N33: 28.566 | O33: 2.7401 | P33: 127.051 | Q33: Tobelo, Indonesia | S33: Indonesia | T33: =IF(C33="","",IF(ISNUMBER(C33),DATE(YEAR(C33),DAY(C33),MONTH(C33))+TIME(HOUR(C33),MINUTE(C33),SECOND(C33)),DATE(VALUE(MID(C33,7,4)),VALUE(MID(C33,4,2)),VALUE(MID(C33,1,2)))+TIME(VALUE(MID(C33,12,2)),VALUE(MID(C33,15,2)),0))) -> 44944.254 | U33: =ISNUMBER(T33) -> TRUE | V33: =ISNUMBER(C33) -> FALSE | W33: =IF(ISNUMBER(SEARCH(" km ",A33)),"Distance/Location","Named Region") -> Distance/Location | X33: =LOWER(M33) -> mwc | Y33: =COUNTIFS($A$2:$A$1001,A33,$C$2:$C$1001,C33) -> 1 | Z33: =IF(Y33>1,"Duplicate","Unique") -> Unique | AA33: =IF(U33=TRUE,"Valid","Invalid") -> Valid
A34: M 7.6 - Pulau Pulau Tanimbar, Indonesia | B34: 7.6 | C34: 45170.741 | D34: 5 | E34: 7 | F34: green | G34: 0 | H34: 957 | I34: us | J34: 114 | K34: 1.575 | L34: 21 | M34: mww | N34: 105.249 | O34: -7.0852 | P34: 130.039 | Q34: Pulau Pulau Tanimbar, Indonesia | S34: Indonesia | T34: =IF(C34="","",IF(ISNUMBER(C34),DATE(YEAR(C34),DAY(C34),MONTH(C34))+TIME(HOUR(C34),MINUTE(C34),SECOND(C34)),DATE(VALUE(MID(C34,7,4)),VALUE(MID(C34,4,2)),VALUE(MID(C34,1,2)))+TIME(VALUE(MID(C34,12,2)),VALUE(MID(C34,15,2)),0))) -> 44935.741 | U34: =ISNUMBER(T34) -> TRUE | V34: =ISNUMBER(C34) -> TRUE | W34: =IF(ISNUMBER(SEARCH(" km ",A34)),"Distance/Location","Named Region") -> Named Region | X34: =LOWER(M34) -> mww | Y34: =COUNTIFS($A$2:$A$1001,A34,$C$2:$C$1001,C34) -> 1 | Z34: =IF(Y34>1,"Duplicate","Unique") -> Unique | AA34: =IF(U34=TRUE,"Valid","Invalid") -> Valid
A35: M 7.0 - Vanuatu | B35: 7 | C35: 45139.522 | D35: 8 | E35: 7 | F35: green | G35: 1 | H35: 768 | I35: us | J35: 116 | K35: 6.096 | L35: 36 | M35: mww | N35: 29 | O35: -14.9383 | P35: 166.878 | Q35: Vanuatu | S35: Vanuatu | T35: =IF(C35="","",IF(ISNUMBER(C35),DATE(YEAR(C35),DAY(C35),MONTH(C35))+TIME(HOUR(C35),MINUTE(C35),SECOND(C35)),DATE(VALUE(MID(C35,7,4)),VALUE(MID(C35,4,2)),VALUE(MID(C35,1,2)))+TIME(VALUE(MID(C35,12,2)),VALUE(MID(C35,15,2)),0))) -> 44934.522 | U35: =ISNUMBER(T35) -> TRUE | V35: =ISNUMBER(C35) -> TRUE | W35: =IF(ISNUMBER(SEARCH(" km ",A35)),"Distance/Location","Named Region") -> Named Region | X35: =LOWER(M35) -> mww | Y35: =COUNTIFS($A$2:$A$1001,A35,$C$2:$C$1001,C35) -> 1 | Z35: =IF(Y35>1,"Duplicate","Unique") -> Unique | AA35: =IF(U35=TRUE,"Valid","Invalid") -> Valid
A36: M 6.8 - 109 km NE of Hihifo, Tonga | B36: 6.8 | C36: 44663.808 | D36: 5 | E36: 5 | F36: green | G36: 1 | H36: 720 | I36: us | J36: 152 | K36: 2.587 | L36: 26 | M36: mww | N36: 38 | O36: -15.3983 | P36: -172.968 | Q36: Hihifo, Tonga | T36: =IF(C36="","",IF(ISNUMBER(C36),DATE(YEAR(C36),DAY(C36),MONTH(C36))+TIME(HOUR(C36),MINUTE(C36),SECOND(C36)),DATE(VALUE(MID(C36,7,4)),VALUE(MID(C36,4,2)),VALUE(MID(C36,1,2)))+TIME(VALUE(MID(C36,12,2)),VALUE(MID(C36,15,2)),0))) -> 44899.808 | U36: =ISNUMBER(T36) -> TRUE | V36: =ISNUMBER(C36) -> TRUE | W36: =IF(ISNUMBER(SEARCH(" km ",A36)),"Distance/Location","Named Region") -> Distance/Location | X36: =LOWER(M36) -> mww | Y36: =COUNTIFS($A$2:$A$1001,A36,$C$2:$C$1001,C36) -> 1 | Z36: =IF(Y36>1,"Duplicate","Unique") -> Unique | AA36: =IF(U36=TRUE,"Valid","Invalid") -> Valid
A37: M 7.0 - 18 km SW of Malango, Solomon Islands | B37: 7 | C37: 22/11/2022 02:03 | D37: 8 | E37: 7 | F37: green | G37: 1 | H37: 768 | I37: us | J37: 117 | K37: 0.509 | L37: 17 | M37: mww | N37: 14 | O37: -9.7963 | P37: 159.596 | Q37: Malango, Solomon Islands | R37: Oceania | S37: Solomon Islands | T37: =IF(C37="","",IF(ISNUMBER(C37),DATE(YEAR(C37),DAY(C37),MONTH(C37))+TIME(HOUR(C37),MINUTE(C37),SECOND(C37)),DATE(VALUE(MID(C37,7,4)),VALUE(MID(C37,4,2)),VALUE(MID(C37,1,2)))+TIME(VALUE(MID(C37,12,2)),VALUE(MID(C37,15,2)),0))) -> 44887.085 | U37: =ISNUMBER(T37) -> TRUE | V37: =ISNUMBER(C37) -> FALSE | W37: =IF(ISNUMBER(SEARCH(" km ",A37)),"Distance/Location","Named Region") -> Distance/Location | X37: =LOWER(M37) -> mww | Y37: =COUNTIFS($A$2:$A$1001,A37,$C$2:$C$1001,C37) -> 1 | Z37: =IF(Y37>1,"Duplicate","Unique") -> Unique | AA37: =IF(U37=TRUE,"Valid","Invalid") -> Valid
A38: M 6.9 - 204 km SW of Bengkulu, Indonesia | B38: 6.9 | C38: 18/11/2022 13:37 | D38: 4 | E38: 4 | F38: green | G38: 0 | H38: 735 | I38: us | J38: 99 | K38: 2.229 | L38: 34 | M38: mww | N38: 25 | O38: -4.9559 | P38: 100.738 | Q38: Bengkulu, Indonesia | T38: =IF(C38="","",IF(ISNUMBER(C38),DATE(YEAR(C38),DAY(C38),MONTH(C38))+TIME(HOUR(C38),MINUTE(C38),SECOND(C38)),DATE(VALUE(MID(C38,7,4)),VALUE(MID(C38,4,2)),VALUE(MID(C38,1,2)))+TIME(VALUE(MID(C38,12,2)),VALUE(MID(C38,15,2)),0))) -> 44883.567 | U38: =ISNUMBER(T38) -> TRUE | V38: =ISNUMBER(C38) -> FALSE | W38: =IF(ISNUMBER(SEARCH(" km ",A38)),"Distance/Location","Named Region") -> Distance/Location | X38: =LOWER(M38) -> mww | Y38: =COUNTIFS($A$2:$A$1001,A38,$C$2:$C$1001,C38) -> 1 | Z38: =IF(Y38>1,"Duplicate","Unique") -> Unique | AA38: =IF(U38=TRUE,"Valid","Invalid") -> Valid
A39: M 7.0 - | B39: 7 | C39: 44906.298 | D39: 3 | E39: 3 | F39: green | G39: 1 | H39: 755 | I39: us | J39: 147 | K39: 3.125 | L39: 18 | M39: mww | N39: 579 | O39: -20.0508 | P39: -178.346 | R39: Oceania | S39: Fiji | T39: =IF(C39="","",IF(ISNUMBER(C39),DATE(YEAR(C39),DAY(C39),MONTH(C39))+TIME(HOUR(C39),MINUTE(C39),SECOND(C39)),DATE(VALUE(MID(C39,7,4)),VALUE(MID(C39,4,2)),VALUE(MID(C39,1,2)))+TIME(VALUE(MID(C39,12,2)),VALUE(MID(C39,15,2)),0))) -> 44877.298 | U39: =ISNUMBER(T39) -> TRUE | V39: =ISNUMBER(C39) -> TRUE | W39: =IF(ISNUMBER(SEARCH(" km ",A39)),"Distance/Location","Named Region") -> Named Region | X39: =LOWER(M39) -> mww | Y39: =COUNTIFS($A$2:$A$1001,A39,$C$2:$C$1001,C39) -> 1 | Z39: =IF(Y39>1,"Duplicate","Unique") -> Unique | AA39: =IF(U39=TRUE,"Valid","Invalid") -> Valid
A40: M 7.3 - 205 km ESE of Neiafu, Tonga | B40: 7.3 | C40: 44876.45 | D40: 5 | E40: 5 | F40: green | G40: 1 | H40: 833 | I40: us | J40: 149 | K40: 1.865 | L40: 21 | M40: mww | N40: 37 | O40: -19.2918 | P40: -172.129 | Q40: Neiafu, Tonga | T40: =IF(C40="","",IF(ISNUMBER(C40),DATE(YEAR(C40),DAY(C40),MONTH(C40))+TIME(HOUR(C40),MINUTE(C40),SECOND(C40)),DATE(VALUE(MID(C40,7,4)),VALUE(MID(C40,4,2)),VALUE(MID(C40,1,2)))+TIME(VALUE(MID(C40,12,2)),VALUE(MID(C40,15,2)),0))) -> 44876.45 | U40: =ISNUMBER(T40) -> TRUE | V40: =ISNUMBER(C40) -> TRUE | W40: =IF(ISNUMBER(SEARCH(" km ",A40)),"Distance/Location","Named Region") -> Distance/Location | X40: =LOWER(M40) -> mww | Y40: =COUNTIFS($A$2:$A$1001,A40,$C$2:$C$1001,C40) -> 1 | Z40: =IF(Y40>1,"Duplicate","Unique") -> Unique | AA40: =IF(U40=TRUE,"Valid","Invalid") -> Valid
A41: M 6.6 - | B41: 6.6 | C41: 44815.426 | D41: 0 | E41: 2 | F41: green | G41: 1 | H41: 670 | I41: us | J41: 131 | K41: 4.998 | L41: 27 | M41: mww | N41: 624.464 | O41: -25.5948 | P41: 178.278 | T41: =IF(C41="","",IF(ISNUMBER(C41),DATE(YEAR(C41),DAY(C41),MONTH(C41))+TIME(HOUR(C41),MINUTE(C41),SECOND(C41)),DATE(VALUE(MID(C41,7,4)),VALUE(MID(C41,4,2)),VALUE(MID(C41,1,2)))+TIME(VALUE(MID(C41,12,2)),VALUE(MID(C41,15,2)),0))) -> 44874.426 | U41: =ISNUMBER(T41) -> TRUE | V41: =ISNUMBER(C41) -> TRUE | W41: =IF(ISNUMBER(SEARCH(" km ",A41)),"Distance/Location","Named Region") -> Named Region | X41: =LOWER(M41) -> mww | Y41: =COUNTIFS($A$2:$A$1001,A41,$C$2:$C$1001,C41) -> 1 | Z41: =IF(Y41>1,"Duplicate","Unique") -> Unique | AA41: =IF(U41=TRUE,"Valid","Invalid") -> Valid
A42: M 7.0 - south of the Fiji Islands | B42: 7 | C42: 44815.41 | D42: 4 | E42: 3 | F42: green | G42: 1 | H42: 755 | I42: us | J42: 142 | K42: 4.578 | L42: 26 | M42: mwb | N42: 660 | O42: -26.0442 | P42: 178.381 | Q42: the Fiji Islands | T42: =IF(C42="","",IF(ISNUMBER(C42),DATE(YEAR(C42),DAY(C42),MONTH(C42))+TIME(HOUR(C42),MINUTE(C42),SECOND(C42)),DATE(VALUE(MID(C42,7,4)),VALUE(MID(C42,4,2)),VALUE(MID(C42,1,2)))+TIME(VALUE(MID(C42,12,2)),VALUE(MID(C42,15,2)),0))) -> 44874.41 | U42: =ISNUMBER(T42) -> TRUE | V42: =ISNUMBER(C42) -> TRUE | W42: =IF(ISNUMBER(SEARCH(" km ",A42)),"Distance/Location","Named Region") -> Named Region | X42: =LOWER(M42) -> mwb | Y42: =COUNTIFS($A$2:$A$1001,A42,$C$2:$C$1001,C42) -> 1 | Z42: =IF(Y42>1,"Duplicate","Unique") -> Unique | AA42: =IF(U42=TRUE,"Valid","Invalid") -> Valid
A43: M 6.8 - south of the Fiji Islands | B43: 6.8 | C43: 44815.401 | D43: 1 | E43: 3 | F43: green | G43: 1 | H43: 711 | I43: us | J43: 136 | K43: 4.678 | L43: 22 | M43: mww | N43: 630.379 | O43: -25.9678 | P43: 178.363 | Q43: the Fiji Islands | T43: =IF(C43="","",IF(ISNUMBER(C43),DATE(YEAR(C43),DAY(C43),MONTH(C43))+TIME(HOUR(C43),MINUTE(C43),SECOND(C43)),DATE(VALUE(MID(C43,7,4)),VALUE(MID(C43,4,2)),VALUE(MID(C43,1,2)))+TIME(VALUE(MID(C43,12,2)),VALUE(MID(C43,15,2)),0))) -> 44874.401 | U43: =ISNUMBER(T43) -> TRUE | V43: =ISNUMBER(C43) -> TRUE | W43: =IF(ISNUMBER(SEARCH(" km ",A43)),"Distance/Location","Named Region") -> Named Region | X43: =LOWER(M43) -> mww | Y43: =COUNTIFS($A$2:$A$1001,A43,$C$2:$C$1001,C43) -> 1 | Z43: =IF(Y43>1,"Duplicate","Unique") -> Unique | AA43: =IF(U43=TRUE,"Valid","Invalid") -> Valid
A44: M 6.7 - 60 km SSW of Boca Chica, Panama | B44: 6.7 | C44: 20/10/2022 11:57 | D44: 7 | E44: 6 | F44: green | G44: 1 | H44: 797 | I44: us | J44: 145 | K44: 1.151 | L44: 37 | M44: mww | N44: 20 | O44: 7.6712 | P44: -82.3396 | Q44: Boca Chica, Panama | S44: Panama | T44: =IF(C44="","",IF(ISNUMBER(C44),DATE(YEAR(C44),DAY(C44),MONTH(C44))+TIME(HOUR(C44),MINUTE(C44),SECOND(C44)),DATE(VALUE(MID(C44,7,4)),VALUE(MID(C44,4,2)),VALUE(MID(C44,1,2)))+TIME(VALUE(MID(C44,12,2)),VALUE(MID(C44,15,2)),0))) -> 44854.498 | U44: =ISNUMBER(T44) -> TRUE | V44: =ISNUMBER(C44) -> FALSE | W44: =IF(ISNUMBER(SEARCH(" km ",A44)),"Distance/Location","Named Region") -> Distance/Location | X44: =LOWER(M44) -> mww | Y44: =COUNTIFS($A$2:$A$1001,A44,$C$2:$C$1001,C44) -> 1 | Z44: =IF(Y44>1,"Duplicate","Unique") -> Unique | AA44: =IF(U44=TRUE,"Valid","Invalid") -> Valid
A45: M 6.8 - 55 km SSW of Aguililla, Mexico | B45: 6.8 | C45: 22/09/2022 06:16 | D45: 8 | E45: 7 | F45: yellow | G45: 1 | H45: 1179 | I45: us | J45: 175 | K45: 2.137 | L45: 92 | M45: mww | N45: 20 | O45: 18.33 | P45: -102.913 | Q45: Aguililla, Mexico | R45: North America | S45: Mexico | T45: =IF(C45="","",IF(ISNUMBER(C45),DATE(YEAR(C45),DAY(C45),MONTH(C45))+TIME(HOUR(C45),MINUTE(C45),SECOND(C45)),DATE(VALUE(MID(C45,7,4)),VALUE(MID(C45,4,2)),VALUE(MID(C45,1,2)))+TIME(VALUE(MID(C45,12,2)),VALUE(MID(C45,15,2)),0))) -> 44826.261 | U45: =ISNUMBER(T45) -> TRUE | V45: =ISNUMBER(C45) -> FALSE | W45: =IF(ISNUMBER(SEARCH(" km ",A45)),"Distance/Location","Named Region") -> Distance/Location | X45: =LOWER(M45) -> mww | Y45: =COUNTIFS($A$2:$A$1001,A45,$C$2:$C$1001,C45) -> 1 | Z45: =IF(Y45>1,"Duplicate","Unique") -> Unique | AA45: =IF(U45=TRUE,"Valid","Invalid") -> Valid
A46: M 7.6 - 35 km SSW of Aguililla, Mexico | B46: 7.6 | C46: 19/09/2022 18:05 | D46: 9 | E46: 8 | F46: yellow | G46: 1 | H46: 1799 | I46: us | J46: 271 | K46: 1.153 | L46: 69 | M46: mww | N46: 26.943 | O46: 18.3667 | P46: -103.252 | Q46: Aguililla, Mexico | R46: North America | S46: Mexico | T46: =IF(C46="","",IF(ISNUMBER(C46),DATE(YEAR(C46),DAY(C46),MONTH(C46))+TIME(HOUR(C46),MINUTE(C46),SECOND(C46)),DATE(VALUE(MID(C46,7,4)),VALUE(MID(C46,4,2)),VALUE(MID(C46,1,2)))+TIME(VALUE(MID(C46,12,2)),VALUE(MID(C46,15,2)),0))) -> 44823.753 | U46: =ISNUMBER(T46) -> TRUE | V46: =ISNUMBER(C46) -> FALSE | W46: =IF(ISNUMBER(SEARCH(" km ",A46)),"Distance/Location","Named Region") -> Distance/Location | X46: =LOWER(M46) -> mww | Y46: =COUNTIFS($A$2:$A$1001,A46,$C$2:$C$1001,C46) -> 1 | Z46: =IF(Y46>1,"Duplicate","Unique") -> Unique | AA46: =IF(U46=TRUE,"Valid","Invalid") -> Valid
A47: M 6.9 - 90 km E of Yujing, Taiwan | B47: 6.9 | C47: 18/09/2022 06:44 | D47: 9 | E47: 9 | F47: yellow | G47: 1 | H47: 887 | I47: us | J47: 215 | K47: 0.401 | L47: 34 | M47: mww | N47: 10 | O47: 23.1444 | P47: 121.307 | Q47: Yujing, Taiwan | R47: Asia | S47: Taiwan | T47: =IF(C47="","",IF(ISNUMBER(C47),DATE(YEAR(C47),DAY(C47),MONTH(C47))+TIME(HOUR(C47),MINUTE(C47),SECOND(C47)),DATE(VALUE(MID(C47,7,4)),VALUE(MID(C47,4,2)),VALUE(MID(C47,1,2)))+TIME(VALUE(MID(C47,12,2)),VALUE(MID(C47,15,2)),0))) -> 44822.281 | U47: =ISNUMBER(T47) -> TRUE | V47: =ISNUMBER(C47) -> FALSE | W47: =IF(ISNUMBER(SEARCH(" km ",A47)),"Distance/Location","Named Region") -> Distance/Location | X47: =LOWER(M47) -> mww | Y47: =COUNTIFS($A$2:$A$1001,A47,$C$2:$C$1001,C47) -> 1 | Z47: =IF(Y47>1,"Duplicate","Unique") -> Unique | AA47: =IF(U47=TRUE,"Valid","Invalid") -> Valid
A48: M 6.5 - 96 km SE of Lugu, Taiwan | B48: 6.5 | C48: 17/09/2022 13:41 | D48: 7 | E48: 7 | F48: green | G48: 1 | H48: 756 | I48: us | J48: 178 | K48: 0.43 | L48: 54 | M48: mww | N48: 10 | O48: 23.029 | P48: 121.348 | Q48: Lugu, Taiwan | R48: Asia | S48: Taiwan | T48: =IF(C48="","",IF(ISNUMBER(C48),DATE(YEAR(C48),DAY(C48),MONTH(C48))+TIME(HOUR(C48),MINUTE(C48),SECOND(C48)),DATE(VALUE(MID(C48,7,4)),VALUE(MID(C48,4,2)),VALUE(MID(C48,1,2)))+TIME(VALUE(MID(C48,12,2)),VALUE(MID(C48,15,2)),0))) -> 44821.57 | U48: =ISNUMBER(T48) -> TRUE | V48: =ISNUMBER(C48) -> FALSE | W48: =IF(ISNUMBER(SEARCH(" km ",A48)),"Distance/Location","Named Region") -> Distance/Location | X48: =LOWER(M48) -> mww | Y48: =COUNTIFS($A$2:$A$1001,A48,$C$2:$C$1001,C48) -> 1 | Z48: =IF(Y48>1,"Duplicate","Unique") -> Unique | AA48: =IF(U48=TRUE,"Valid","Invalid") -> Valid
A49: M 7.0 - 209 km SSE of Isangel, Vanuatu | B49: 7 | C49: 14/09/2022 11:04 | D49: 7 | E49: 5 | F49: green | G49: 1 | H49: 761 | I49: us | J49: 192 | K49: 2.977 | L49: 45 | M49: mww | N49: 137 | O49: -21.2077 | P49: 170.239 | Q49: Isangel, Vanuatu | T49: =IF(C49="","",IF(ISNUMBER(C49),DATE(YEAR(C49),DAY(C49),MONTH(C49))+TIME(HOUR(C49),MINUTE(C49),SECOND(C49)),DATE(VALUE(MID(C49,7,4)),VALUE(MID(C49,4,2)),VALUE(MID(C49,1,2)))+TIME(VALUE(MID(C49,12,2)),VALUE(MID(C49,15,2)),0))) -> 44818.461 | U49: =ISNUMBER(T49) -> TRUE | V49: =ISNUMBER(C49) -> FALSE | W49: =IF(ISNUMBER(SEARCH(" km ",A49)),"Distance/Location","Named Region") -> Distance/Location | X49: =LOWER(M49) -> mww | Y49: =COUNTIFS($A$2:$A$1001,A49,$C$2:$C$1001,C49) -> 1 | Z49: =IF(Y49>1,"Duplicate","Unique") -> Unique | AA49: =IF(U49=TRUE,"Valid","Invalid") -> Valid
A50: M 7.6 - 70 km E of Kainantu, Papua New Guinea | B50: 7.6 | C50: 44843.991 | D50: 8 | E50: 8 | F50: yellow | G50: 1 | H50: 965 | I50: us | J50: 272 | K50: 3.158 | L50: 12 | M50: mww | N50: 116 | O50: -6.2237 | P50: 146.471 | Q50: Kainantu, Papua New Guinea | R50: Oceania | S50: Papua New Guinea | T50: =IF(C50="","",IF(ISNUMBER(C50),DATE(YEAR(C50),DAY(C50),MONTH(C50))+TIME(HOUR(C50),MINUTE(C50),SECOND(C50)),DATE(VALUE(MID(C50,7,4)),VALUE(MID(C50,4,2)),VALUE(MID(C50,1,2)))+TIME(VALUE(MID(C50,12,2)),VALUE(MID(C50,15,2)),0))) -> 44814.991 | U50: =ISNUMBER(T50) -> TRUE | V50: =ISNUMBER(C50) -> TRUE | W50: =IF(ISNUMBER(SEARCH(" km ",A50)),"Distance/Location","Named Region") -> Distance/Location | X50: =LOWER(M50) -> mww | Y50: =COUNTIFS($A$2:$A$1001,A50,$C$2:$C$1001,C50) -> 1 | Z50: =IF(Y50>1,"Duplicate","Unique") -> Unique | AA50: =IF(U50=TRUE,"Valid","Invalid") -> Valid
A51: M 6.6 - 44 km SE of Kangding, China | B51: 6.6 | C51: 44690.203 | D51: 9 | E51: 8 | F51: orange | G51: 0 | H51: 1043 | I51: us | J51: 141 | K51: 8.454 | L51: 34 | M51: mww | N51: 12 | O51: 29.7263 | P51: 102.279 | Q51: Kangding, China | R51: Asia | S51: People's Republic of China | T51: =IF(C51="","",IF(ISNUMBER(C51),DATE(YEAR(C51),DAY(C51),MONTH(C51))+TIME(HOUR(C51),MINUTE(C51),SECOND(C51)),DATE(VALUE(MID(C51,7,4)),VALUE(MID(C51,4,2)),VALUE(MID(C51,1,2)))+TIME(VALUE(MID(C51,12,2)),VALUE(MID(C51,15,2)),0))) -> 44809.203 | U51: =ISNUMBER(T51) -> TRUE | V51: =ISNUMBER(C51) -> TRUE | W51: =IF(ISNUMBER(SEARCH(" km ",A51)),"Distance/Location","Named Region") -> Distance/Location | X51: =LOWER(M51) -> mww | Y51: =COUNTIFS($A$2:$A$1001,A51,$C$2:$C$1001,C51) -> 1 | Z51: =IF(Y51>1,"Duplicate","Unique") -> Unique | AA51: =IF(U51=TRUE,"Valid","Invalid") -> Valid
A52: M 6.6 - south of the Kermadec Islands | B52: 6.6 | C52: 14/08/2022 13:44 | D52: 7 | E52: 6 | F52: green | G52: 1 | H52: 672 | I52: us | J52: 68 | K52: 5.293 | L52: 34 | M52: mww | N52: 30 | O52: -32.6922 | P52: -178.959 | Q52: the Kermadec Islands | T52: =IF(C52="","",IF(ISNUMBER(C52),DATE(YEAR(C52),DAY(C52),MONTH(C52))+TIME(HOUR(C52),MINUTE(C52),SECOND(C52)),DATE(VALUE(MID(C52,7,4)),VALUE(MID(C52,4,2)),VALUE(MID(C52,1,2)))+TIME(VALUE(MID(C52,12,2)),VALUE(MID(C52,15,2)),0))) -> 44787.572 | U52: =ISNUMBER(T52) -> TRUE | V52: =ISNUMBER(C52) -> FALSE | W52: =IF(ISNUMBER(SEARCH(" km ",A52)),"Distance/Location","Named Region") -> Named Region | X52: =LOWER(M52) -> mww | Y52: =COUNTIFS($A$2:$A$1001,A52,$C$2:$C$1001,C52) -> 1 | Z52: =IF(Y52>1,"Duplicate","Unique") -> Unique | AA52: =IF(U52=TRUE,"Valid","Invalid") -> Valid
A53: M 7.0 - 11 km NE of Bantay, Philippines | B53: 7 | C53: 27/07/2022 00:43 | D53: 9 | E53: 8 | F53: yellow | G53: 1 | H53: 1351 | I53: us | J53: 152 | K53: 5.276 | L53: 22 | M53: mww | N53: 33.729 | O53: 17.5978 | P53: 120.809 | Q53: Bantay, Philippines | R53: Asia | S53: Philippines | T53: =IF(C53="","",IF(ISNUMBER(C53),DATE(YEAR(C53),DAY(C53),MONTH(C53))+TIME(HOUR(C53),MINUTE(C53),SECOND(C53)),DATE(VALUE(MID(C53,7,4)),VALUE(MID(C53,4,2)),VALUE(MID(C53,1,2)))+TIME(VALUE(MID(C53,12,2)),VALUE(MID(C53,15,2)),0))) -> 44769.03 | U53: =ISNUMBER(T53) -> TRUE | V53: =ISNUMBER(C53) -> FALSE | W53: =IF(ISNUMBER(SEARCH(" km ",A53)),"Distance/Location","Named Region") -> Distance/Location | X53: =LOWER(M53) -> mww | Y53: =COUNTIFS($A$2:$A$1001,A53,$C$2:$C$1001,C53) -> 1 | Z53: =IF(Y53>1,"Duplicate","Unique") -> Unique | AA53: =IF(U53=TRUE,"Valid","Invalid") -> Valid
A54: M 6.5 - 107 km SSW of Tarauacá, Brazil | B54: 6.5 | C54: 44779.038 | D54: 3 | E54: 2 | F54: green | G54: 0 | H54: 653 | I54: us | J54: 236 | K54: 1.999 | L54: 31 | M54: mww | N54: 622.73 | O54: -9.0618 | P54: -71.1647 | Q54: Tarauacá, Brazil | R54: South America | S54: Brazil | T54: =IF(C54="","",IF(ISNUMBER(C54),DATE(YEAR(C54),DAY(C54),MONTH(C54))+TIME(HOUR(C54),MINUTE(C54),SECOND(C54)),DATE(VALUE(MID(C54,7,4)),VALUE(MID(C54,4,2)),VALUE(MID(C54,1,2)))+TIME(VALUE(MID(C54,12,2)),VALUE(MID(C54,15,2)),0))) -> 44720.038 | U54: =ISNUMBER(T54) -> TRUE | V54: =ISNUMBER(C54) -> TRUE | W54: =IF(ISNUMBER(SEARCH(" km ",A54)),"Distance/Location","Named Region") -> Distance/Location | X54: =LOWER(M54) -> mww | Y54: =COUNTIFS($A$2:$A$1001,A54,$C$2:$C$1001,C54) -> 1 | Z54: =IF(Y54>1,"Duplicate","Unique") -> Unique | AA54: =IF(U54=TRUE,"Valid","Invalid") -> Valid
A55: M 7.2 - 10 km W of Azángaro, Peru | B55: 7.2 | C55: 26/05/2022 12:02 | D55: 7 | E55: 5 | F55: green | G55: 1 | H55: 876 | I55: us | J55: 144 | K55: 2.494 | L55: 40 | M55: mww | N55: 236 | O55: -14.8628 | P55: -70.3081 | Q55: Azángaro, Peru | R55: South America | S55: Peru | T55: =IF(C55="","",IF(ISNUMBER(C55),DATE(YEAR(C55),DAY(C55),MONTH(C55))+TIME(HOUR(C55),MINUTE(C55),SECOND(C55)),DATE(VALUE(MID(C55,7,4)),VALUE(MID(C55,4,2)),VALUE(MID(C55,1,2)))+TIME(VALUE(MID(C55,12,2)),VALUE(MID(C55,15,2)),0))) -> 44707.501 | U55: =ISNUMBER(T55) -> TRUE | V55: =ISNUMBER(C55) -> FALSE | W55: =IF(ISNUMBER(SEARCH(" km ",A55)),"Distance/Location","Named Region") -> Distance/Location | X55: =LOWER(M55) -> mww | Y55: =COUNTIFS($A$2:$A$1001,A55,$C$2:$C$1001,C55) -> 1 | Z55: =IF(Y55>1,"Duplicate","Unique") -> Unique | AA55: =IF(U55=TRUE,"Valid","Invalid") -> Valid
A56: M 6.9 - | B56: 6.9 | C56: 19/05/2022 10:13 | D56: 2 | E56: 5 | F56: green | G56: 1 | H56: 733 | I56: us | J56: 127 | K56: 0.371 | L56: 45 | M56: mww | N56: 10 | O56: -54.1325 | P56: 159.027 | T56: =IF(C56="","",IF(ISNUMBER(C56),DATE(YEAR(C56),DAY(C56),MONTH(C56))+TIME(HOUR(C56),MINUTE(C56),SECOND(C56)),DATE(VALUE(MID(C56,7,4)),VALUE(MID(C56,4,2)),VALUE(MID(C56,1,2)))+TIME(VALUE(MID(C56,12,2)),VALUE(MID(C56,15,2)),0))) -> 44700.426 | U56: =ISNUMBER(T56) -> TRUE | V56: =ISNUMBER(C56) -> FALSE | W56: =IF(ISNUMBER(SEARCH(" km ",A56)),"Distance/Location","Named Region") -> Named Region | X56: =LOWER(M56) -> mww | Y56: =COUNTIFS($A$2:$A$1001,A56,$C$2:$C$1001,C56) -> 1 | Z56: =IF(Y56>1,"Duplicate","Unique") -> Unique | AA56: =IF(U56=TRUE,"Valid","Invalid") -> Valid
A57: M 6.8 - 86 km NNW of San Antonio de los Cobres, Argentina | B57: 6.8 | C57: 44839.963 | D57: 6 | E57: 5 | F57: green | G57: 1 | H57: 762 | I57: us | J57: 162 | K57: 1.505 | L57: 30 | M57: mww | N57: 220 | O57: -23.6141 | P57: -66.7236 | Q57: San Antonio de los Cobres, Argentina | R57: South America | S57: Argentina | T57: =IF(C57="","",IF(ISNUMBER(C57),DATE(YEAR(C57),DAY(C57),MONTH(C57))+TIME(HOUR(C57),MINUTE(C57),SECOND(C57)),DATE(VALUE(MID(C57,7,4)),VALUE(MID(C57,4,2)),VALUE(MID(C57,1,2)))+TIME(VALUE(MID(C57,12,2)),VALUE(MID(C57,15,2)),0))) -> 44691.963 | U57: =ISNUMBER(T57) -> TRUE | V57: =ISNUMBER(C57) -> TRUE | W57: =IF(ISNUMBER(SEARCH(" km ",A57)),"Distance/Location","Named Region") -> Distance/Location | X57: =LOWER(M57) -> mww | Y57: =COUNTIFS($A$2:$A$1001,A57,$C$2:$C$1001,C57) -> 1 | Z57: =IF(Y57>1,"Duplicate","Unique") -> Unique | AA57: =IF(U57=TRUE,"Valid","Invalid") -> Valid
A58: M 6.6 - 55 km WSW of Masachapa, Nicaragua | B58: 6.6 | C58: 21/04/2022 07:42 | D58: 6 | E58: 5 | F58: green | G58: 1 | H58: 762 | I58: us | J58: 0 | K58: 0.914 | L58: 94 | M58: mww | N58: 27 | O58: 11.5538 | P58: -86.9919 | Q58: Masachapa, Nicaragua | T58: =IF(C58="","",IF(ISNUMBER(C58),DATE(YEAR(C58),DAY(C58),MONTH(C58))+TIME(HOUR(C58),MINUTE(C58),SECOND(C58)),DATE(VALUE(MID(C58,7,4)),VALUE(MID(C58,4,2)),VALUE(MID(C58,1,2)))+TIME(VALUE(MID(C58,12,2)),VALUE(MID(C58,15,2)),0))) -> 44672.321 | U58: =ISNUMBER(T58) -> TRUE | V58: =ISNUMBER(C58) -> FALSE | W58: =IF(ISNUMBER(SEARCH(" km ",A58)),"Distance/Location","Named Region") -> Distance/Location | X58: =LOWER(M58) -> mww | Y58: =COUNTIFS($A$2:$A$1001,A58,$C$2:$C$1001,C58) -> 1 | Z58: =IF(Y58>1,"Duplicate","Unique") -> Unique | AA58: =IF(U58=TRUE,"Valid","Invalid") -> Valid
A59: M 7.0 - southeast of the Loyalty Islands | B59: 7 | C59: 31/03/2022 05:44 | D59: 6 | E59: 4 | F59: green | G59: 1 | H59: 763 | I59: us | J59: 0 | K59: 2.705 | L59: 26 | M59: mww | N59: 10 | O59: -22.5732 | P59: 170.349 | Q59: the Loyalty Islands | T59: =IF(C59="","",IF(ISNUMBER(C59),DATE(YEAR(C59),DAY(C59),MONTH(C59))+TIME(HOUR(C59),MINUTE(C59),SECOND(C59)),DATE(VALUE(MID(C59,7,4)),VALUE(MID(C59,4,2)),VALUE(MID(C59,1,2)))+TIME(VALUE(MID(C59,12,2)),VALUE(MID(C59,15,2)),0))) -> 44651.239 | U59: =ISNUMBER(T59) -> TRUE | V59: =ISNUMBER(C59) -> FALSE | W59: =IF(ISNUMBER(SEARCH(" km ",A59)),"Distance/Location","Named Region") -> Named Region | X59: =LOWER(M59) -> mww | Y59: =COUNTIFS($A$2:$A$1001,A59,$C$2:$C$1001,C59) -> 1 | Z59: =IF(Y59>1,"Duplicate","Unique") -> Unique | AA59: =IF(U59=TRUE,"Valid","Invalid") -> Valid
A60: M 6.9 - 284 km ESE of Tadine, New Caledonia | B60: 6.9 | C60: 30/03/2022 20:56 | D60: 6 | E60: 4 | F60: green | G60: 1 | H60: 738 | I60: us | J60: 0 | K60: 2.697 | L60: 42 | M60: mww | N60: 10 | O60: -22.72 | P60: 170.277 | Q60: Tadine, New Caledonia | T60: =IF(C60="","",IF(ISNUMBER(C60),DATE(YEAR(C60),DAY(C60),MONTH(C60))+TIME(HOUR(C60),MINUTE(C60),SECOND(C60)),DATE(VALUE(MID(C60,7,4)),VALUE(MID(C60,4,2)),VALUE(MID(C60,1,2)))+TIME(VALUE(MID(C60,12,2)),VALUE(MID(C60,15,2)),0))) -> 44650.872 | U60: =ISNUMBER(T60) -> TRUE | V60: =ISNUMBER(C60) -> FALSE | W60: =IF(ISNUMBER(SEARCH(" km ",A60)),"Distance/Location","Named Region") -> Distance/Location | X60: =LOWER(M60) -> mww | Y60: =COUNTIFS($A$2:$A$1001,A60,$C$2:$C$1001,C60) -> 1 | Z60: =IF(Y60>1,"Duplicate","Unique") -> Unique | AA60: =IF(U60=TRUE,"Valid","Invalid") -> Valid
A61: M 6.7 - 65 km S of Hualien City, Taiwan | B61: 6.7 | C61: 22/03/2022 17:41 | D61: 8 | E61: 7 | F61: green | G61: 1 | H61: 806 | I61: us | J61: 0 | K61: 0.289 | L61: 32 | M61: mww | N61: 24 | O61: 23.3421 | P61: 121.636 | Q61: Hualien City, Taiwan | R61: Asia | S61: Taiwan | T61: =IF(C61="","",IF(ISNUMBER(C61),DATE(YEAR(C61),DAY(C61),MONTH(C61))+TIME(HOUR(C61),MINUTE(C61),SECOND(C61)),DATE(VALUE(MID(C61,7,4)),VALUE(MID(C61,4,2)),VALUE(MID(C61,1,2)))+TIME(VALUE(MID(C61,12,2)),VALUE(MID(C61,15,2)),0))) -> 44642.737 | U61: =ISNUMBER(T61) -> TRUE | V61: =ISNUMBER(C61) -> FALSE | W61: =IF(ISNUMBER(SEARCH(" km ",A61)),"Distance/Location","Named Region") -> Distance/Location | X61: =LOWER(M61) -> mww | Y61: =COUNTIFS($A$2:$A$1001,A61,$C$2:$C$1001,C61) -> 1 | Z61: =IF(Y61>1,"Duplicate","Unique") -> Unique | AA61: =IF(U61=TRUE,"Valid","Invalid") -> Valid
A62: M 7.3 - 57 km ENE of Namie, Japan | B62: 7.3 | C62: 16/03/2022 14:36 | D62: 9 | E62: 8 | F62: red | G62: 1 | H62: 2397 | I62: us | J62: 0 | K62: 2.936 | L62: 29 | M62: mww | N62: 41 | O62: 37.7015 | P62: 141.587 | Q62: Namie, Japan | T62: =IF(C62="","",IF(ISNUMBER(C62),DATE(YEAR(C62),DAY(C62),MONTH(C62))+TIME(HOUR(C62),MINUTE(C62),SECOND(C62)),DATE(VALUE(MID(C62,7,4)),VALUE(MID(C62,4,2)),VALUE(MID(C62,1,2)))+TIME(VALUE(MID(C62,12,2)),VALUE(MID(C62,15,2)),0))) -> 44636.608 | U62: =ISNUMBER(T62) -> TRUE | V62: =ISNUMBER(C62) -> FALSE | W62: =IF(ISNUMBER(SEARCH(" km ",A62)),"Distance/Location","Named Region") -> Distance/Location | X62: =LOWER(M62) -> mww | Y62: =COUNTIFS($A$2:$A$1001,A62,$C$2:$C$1001,C62) -> 1 | Z62: =IF(Y62>1,"Duplicate","Unique") -> Unique | AA62: =IF(U62=TRUE,"Valid","Invalid") -> Valid
A63: M 6.7 - 166 km W of Pariaman, Indonesia | B63: 6.7 | C63: 13/03/2022 21:09 | D63: 9 | E63: 6 | F63: green | G63: 0 | H63: 708 | I63: us | J63: 0 | K63: 2.188 | L63: 43 | M63: mww | N63: 28 | O63: -0.6831 | P63: 98.6034 | Q63: Pariaman, Indonesia | R63: Asia | S63: Indonesia | T63: =IF(C63="","",IF(ISNUMBER(C63),DATE(YEAR(C63),DAY(C63),MONTH(C63))+TIME(HOUR(C63),MINUTE(C63),SECOND(C63)),DATE(VALUE(MID(C63,7,4)),VALUE(MID(C63,4,2)),VALUE(MID(C63,1,2)))+TIME(VALUE(MID(C63,12,2)),VALUE(MID(C63,15,2)),0))) -> 44633.881 | U63: =ISNUMBER(T63) -> TRUE | V63: =ISNUMBER(C63) -> FALSE | W63: =IF(ISNUMBER(SEARCH(" km ",A63)),"Distance/Location","Named Region") -> Distance/Location | X63: =LOWER(M63) -> mww | Y63: =COUNTIFS($A$2:$A$1001,A63,$C$2:$C$1001,C63) -> 1 | Z63: =IF(Y63>1,"Duplicate","Unique") -> Unique | AA63: =IF(U63=TRUE,"Valid","Invalid") -> Valid
A64: M 6.6 - Kermadec Islands, New Zealand | B64: 6.6 | C64: 44595.536 | D64: 2 | E64: 7 | F64: green | G64: 1 | H64: 670 | I64: us | J64: 0 | K64: 0.827 | L64: 46 | M64: mww | N64: 24 | O64: -30.0528 | P64: -177.74 | Q64: Kermadec Islands, New Zealand | T64: =IF(C64="","",IF(ISNUMBER(C64),DATE(YEAR(C64),DAY(C64),MONTH(C64))+TIME(HOUR(C64),MINUTE(C64),SECOND(C64)),DATE(VALUE(MID(C64,7,4)),VALUE(MID(C64,4,2)),VALUE(MID(C64,1,2)))+TIME(VALUE(MID(C64,12,2)),VALUE(MID(C64,15,2)),0))) -> 44622.536 | U64: =ISNUMBER(T64) -> TRUE | V64: =ISNUMBER(C64) -> TRUE | W64: =IF(ISNUMBER(SEARCH(" km ",A64)),"Distance/Location","Named Region") -> Named Region | X64: =LOWER(M64) -> mww | Y64: =COUNTIFS($A$2:$A$1001,A64,$C$2:$C$1001,C64) -> 1 | Z64: =IF(Y64>1,"Duplicate","Unique") -> Unique | AA64: =IF(U64=TRUE,"Valid","Invalid") -> Valid
A65: M 6.8 - south of the Fiji Islands | B65: 6.8 | C65: 16/02/2022 20:21 | D65: 2 | E65: 3 | F65: green | G65: 1 | H65: 712 | I65: us | J65: 0 | K65: 5.78 | L65: 12 | M65: mww | N65: 535 | O65: -23.7852 | P65: -179.968 | Q65: the Fiji Islands | T65: =IF(C65="","",IF(ISNUMBER(C65),DATE(YEAR(C65),DAY(C65),MONTH(C65))+TIME(HOUR(C65),MINUTE(C65),SECOND(C65)),DATE(VALUE(MID(C65,7,4)),VALUE(MID(C65,4,2)),VALUE(MID(C65,1,2)))+TIME(VALUE(MID(C65,12,2)),VALUE(MID(C65,15,2)),0))) -> 44608.848 | U65: =ISNUMBER(T65) -> TRUE | V65: =ISNUMBER(C65) -> FALSE | W65: =IF(ISNUMBER(SEARCH(" km ",A65)),"Distance/Location","Named Region") -> Named Region | X65: =LOWER(M65) -> mww | Y65: =COUNTIFS($A$2:$A$1001,A65,$C$2:$C$1001,C65) -> 1 | Z65: =IF(Y65>1,"Duplicate","Unique") -> Unique | AA65: =IF(U65=TRUE,"Valid","Invalid") -> Valid
A66: M 6.5 - 49 km NW of Barranca, Peru | B66: 6.5 | C66: 44622.665 | D66: 8 | E66: 6 | F66: green | G66: 0 | H66: 690 | I66: us | J66: 0 | K66: 3.026 | L66: 22 | M66: mww | N66: 110 | O66: -4.455 | P66: -76.9395 | Q66: Barranca, Peru | R66: South America | S66: Peru | T66: =IF(C66="","",IF(ISNUMBER(C66),DATE(YEAR(C66),DAY(C66),MONTH(C66))+TIME(HOUR(C66),MINUTE(C66),SECOND(C66)),DATE(VALUE(MID(C66,7,4)),VALUE(MID(C66,4,2)),VALUE(MID(C66,1,2)))+TIME(VALUE(MID(C66,12,2)),VALUE(MID(C66,15,2)),0))) -> 44595.665 | U66: =ISNUMBER(T66) -> TRUE | V66: =ISNUMBER(C66) -> TRUE | W66: =IF(ISNUMBER(SEARCH(" km ",A66)),"Distance/Location","Named Region") -> Distance/Location | X66: =LOWER(M66) -> mww | Y66: =COUNTIFS($A$2:$A$1001,A66,$C$2:$C$1001,C66) -> 1 | Z66: =IF(Y66>1,"Duplicate","Unique") -> Unique | AA66: =IF(U66=TRUE,"Valid","Invalid") -> Valid
A67: M 6.5 - Kermadec Islands region | B67: 6.5 | C67: 29/01/2022 02:46 | D67: 7 | E67: 4 | F67: green | G67: 1 | H67: 651 | I67: us | J67: 0 | K67: 1.088 | L67: 57 | M67: mww | N67: 8 | O67: -29.535 | P67: -176.729 | Q67: Kermadec Islands region | T67: =IF(C67="","",IF(ISNUMBER(C67),DATE(YEAR(C67),DAY(C67),MONTH(C67))+TIME(HOUR(C67),MINUTE(C67),SECOND(C67)),DATE(VALUE(MID(C67,7,4)),VALUE(MID(C67,4,2)),VALUE(MID(C67,1,2)))+TIME(VALUE(MID(C67,12,2)),VALUE(MID(C67,15,2)),0))) -> 44590.115 | U67: =ISNUMBER(T67) -> TRUE | V67: =ISNUMBER(C67) -> FALSE | W67: =IF(ISNUMBER(SEARCH(" km ",A67)),"Distance/Location","Named Region") -> Named Region | X67: =LOWER(M67) -> mww | Y67: =COUNTIFS($A$2:$A$1001,A67,$C$2:$C$1001,C67) -> 1 | Z67: =IF(Y67>1,"Duplicate","Unique") -> Unique | AA67: =IF(U67=TRUE,"Valid","Invalid") -> Valid
A68: M 6.6 - 80 km SW of Labuan, Indonesia | B68: 6.6 | C68: 14/01/2022 09:05 | D68: 8 | E68: 6 | F68: green | G68: 0 | H68: 785 | I68: us | J68: 0 | K68: 2.418 | L68: 22 | M68: mww | N68: 33 | O68: -6.9291 | P68: 105.251 | Q68: Labuan, Indonesia | S68: Indonesia | T68: =IF(C68="","",IF(ISNUMBER(C68),DATE(YEAR(C68),DAY(C68),MONTH(C68))+TIME(HOUR(C68),MINUTE(C68),SECOND(C68)),DATE(VALUE(MID(C68,7,4)),VALUE(MID(C68,4,2)),VALUE(MID(C68,1,2)))+TIME(VALUE(MID(C68,12,2)),VALUE(MID(C68,15,2)),0))) -> 44575.378 | U68: =ISNUMBER(T68) -> TRUE | V68: =ISNUMBER(C68) -> FALSE | W68: =IF(ISNUMBER(SEARCH(" km ",A68)),"Distance/Location","Named Region") -> Distance/Location | X68: =LOWER(M68) -> mww | Y68: =COUNTIFS($A$2:$A$1001,A68,$C$2:$C$1001,C68) -> 1 | Z68: =IF(Y68>1,"Duplicate","Unique") -> Unique | AA68: =IF(U68=TRUE,"Valid","Invalid") -> Valid
A69: M 6.5 - 71 km SE of Nikolski, Alaska | B69: 6.5 | C69: 44866.527 | D69: 0 | E69: 3 | G69: 1 | H69: 650 | I69: at | J69: 97 | K69: 1.61607 | L69: 108 | M69: Mi | N69: 37 | O69: 52.502 | P69: -168.08 | Q69: Nikolski, Alaska | T69: =IF(C69="","",IF(ISNUMBER(C69),DATE(YEAR(C69),DAY(C69),MONTH(C69))+TIME(HOUR(C69),MINUTE(C69),SECOND(C69)),DATE(VALUE(MID(C69,7,4)),VALUE(MID(C69,4,2)),VALUE(MID(C69,1,2)))+TIME(VALUE(MID(C69,12,2)),VALUE(MID(C69,15,2)),0))) -> 44572.527 | U69: =ISNUMBER(T69) -> TRUE | V69: =ISNUMBER(C69) -> TRUE | W69: =IF(ISNUMBER(SEARCH(" km ",A69)),"Distance/Location","Named Region") -> Distance/Location | X69: =LOWER(M69) -> mi | Y69: =COUNTIFS($A$2:$A$1001,A69,$C$2:$C$1001,C69) -> 2 | Z69: =IF(Y69>1,"Duplicate","Unique") -> Duplicate | AA69: =IF(U69=TRUE,"Valid","Invalid") -> Valid
A70: M 6.5 - 71 km SE of Nikolski, Alaska | B70: 6.5 | C70: 44866.527 | D70: 0 | E70: 3 | G70: 1 | H70: 650 | I70: pt | J70: 23 | K70: 0 | L70: 208.8 | M70: Mi | N70: 37 | O70: 52.502 | P70: -168.08 | Q70: Nikolski, Alaska | T70: =IF(C70="","",IF(ISNUMBER(C70),DATE(YEAR(C70),DAY(C70),MONTH(C70))+TIME(HOUR(C70),MINUTE(C70),SECOND(C70)),DATE(VALUE(MID(C70,7,4)),VALUE(MID(C70,4,2)),VALUE(MID(C70,1,2)))+TIME(VALUE(MID(C70,12,2)),VALUE(MID(C70,15,2)),0))) -> 44572.527 | U70: =ISNUMBER(T70) -> TRUE | V70: =ISNUMBER(C70) -> TRUE | W70: =IF(ISNUMBER(SEARCH(" km ",A70)),"Distance/Location","Named Region") -> Distance/Location | X70: =LOWER(M70) -> mi | Y70: =COUNTIFS($A$2:$A$1001,A70,$C$2:$C$1001,C70) -> 2 | Z70: =IF(Y70>1,"Duplicate","Unique") -> Duplicate | AA70: =IF(U70=TRUE,"Valid","Invalid") -> Valid
A71: M 6.6 - 53 km SE of Nikolski, Alaska | B71: 6.6 | C71: 44866.527 | D71: 8 | E71: 5 | F71: green | G71: 1 | H71: 674 | I71: us | J71: 0 | K71: 0.507 | L71: 49 | M71: mww | N71: 19 | O71: 52.6252 | P71: -168.15 | Q71: Nikolski, Alaska | T71: =IF(C71="","",IF(ISNUMBER(C71),DATE(YEAR(C71),DAY(C71),MONTH(C71))+TIME(HOUR(C71),MINUTE(C71),SECOND(C71)),DATE(VALUE(MID(C71,7,4)),VALUE(MID(C71,4,2)),VALUE(MID(C71,1,2)))+TIME(VALUE(MID(C71,12,2)),VALUE(MID(C71,15,2)),0))) -> 44572.527 | U71: =ISNUMBER(T71) -> TRUE | V71: =ISNUMBER(C71) -> TRUE | W71: =IF(ISNUMBER(SEARCH(" km ",A71)),"Distance/Location","Named Region") -> Distance/Location | X71: =LOWER(M71) -> mww | Y71: =COUNTIFS($A$2:$A$1001,A71,$C$2:$C$1001,C71) -> 1 | Z71: =IF(Y71>1,"Duplicate","Unique") -> Unique | AA71: =IF(U71=TRUE,"Valid","Invalid") -> Valid
A72: M 6.7 - 91 km SE of Nikolski, Alaska | B72: 6.7 | C72: 44866.483 | D72: 0 | E72: 4 | G72: 1 | H72: 691 | I72: at | J72: 50 | K72: 0.936943 | L72: 126 | M72: Mi | N72: 33 | O72: 52.48 | P72: -167.736 | Q72: Nikolski, Alaska | T72: =IF(C72="","",IF(ISNUMBER(C72),DATE(YEAR(C72),DAY(C72),MONTH(C72))+TIME(HOUR(C72),MINUTE(C72),SECOND(C72)),DATE(VALUE(MID(C72,7,4)),VALUE(MID(C72,4,2)),VALUE(MID(C72,1,2)))+TIME(VALUE(MID(C72,12,2)),VALUE(MID(C72,15,2)),0))) -> 44572.483 | U72: =ISNUMBER(T72) -> TRUE | V72: =ISNUMBER(C72) -> TRUE | W72: =IF(ISNUMBER(SEARCH(" km ",A72)),"Distance/Location","Named Region") -> Distance/Location | X72: =LOWER(M72) -> mi | Y72: =COUNTIFS($A$2:$A$1001,A72,$C$2:$C$1001,C72) -> 2 | Z72: =IF(Y72>1,"Duplicate","Unique") -> Duplicate | AA72: =IF(U72=TRUE,"Valid","Invalid") -> Valid
A73: M 6.7 - 91 km SE of Nikolski, Alaska | B73: 6.7 | C73: 44866.483 | D73: 0 | E73: 4 | G73: 1 | H73: 691 | I73: pt | J73: 20 | K73: 0 | L73: 205.2 | M73: Mi | N73: 33 | O73: 52.48 | P73: -167.736 | Q73: Nikolski, Alaska | T73: =IF(C73="","",IF(ISNUMBER(C73),DATE(YEAR(C73),DAY(C73),MONTH(C73))+TIME(HOUR(C73),MINUTE(C73),SECOND(C73)),DATE(VALUE(MID(C73,7,4)),VALUE(MID(C73,4,2)),VALUE(MID(C73,1,2)))+TIME(VALUE(MID(C73,12,2)),VALUE(MID(C73,15,2)),0))) -> 44572.483 | U73: =ISNUMBER(T73) -> TRUE | V73: =ISNUMBER(C73) -> TRUE | W73: =IF(ISNUMBER(SEARCH(" km ",A73)),"Distance/Location","Named Region") -> Distance/Location | X73: =LOWER(M73) -> mi | Y73: =COUNTIFS($A$2:$A$1001,A73,$C$2:$C$1001,C73) -> 2 | Z73: =IF(Y73>1,"Duplicate","Unique") -> Duplicate | AA73: =IF(U73=TRUE,"Valid","Invalid") -> Valid
A74: M 6.8 - 100 km SE of Nikolski, Alaska | B74: 6.8 | C74: 44866.483 | D74: 7 | E74: 6 | F74: green | G74: 1 | H74: 730 | I74: us | J74: 0 | K74: 0.92 | L74: 61 | M74: mww | N74: 20 | O74: 52.6563 | P74: -167.917 | Q74: Nikolski, Alaska | T74: =IF(C74="","",IF(ISNUMBER(C74),DATE(YEAR(C74),DAY(C74),MONTH(C74))+TIME(HOUR(C74),MINUTE(C74),SECOND(C74)),DATE(VALUE(MID(C74,7,4)),VALUE(MID(C74,4,2)),VALUE(MID(C74,1,2)))+TIME(VALUE(MID(C74,12,2)),VALUE(MID(C74,15,2)),0))) -> 44572.483 | U74: =ISNUMBER(T74) -> TRUE | V74: =ISNUMBER(C74) -> TRUE | W74: =IF(ISNUMBER(SEARCH(" km ",A74)),"Distance/Location","Named Region") -> Distance/Location | X74: =LOWER(M74) -> mww | Y74: =COUNTIFS($A$2:$A$1001,A74,$C$2:$C$1001,C74) -> 1 | Z74: =IF(Y74>1,"Duplicate","Unique") -> Unique | AA74: =IF(U74=TRUE,"Valid","Invalid") -> Valid
A75: M 6.6 - 48 km WNW of Pólis, Cyprus | B75: 6.6 | C75: 44866.047 | D75: 6 | E75: 6 | F75: green | G75: 0 | H75: 976 | I75: us | J75: 0 | K75: 1.168 | L75: 21 | M75: mww | N75: 21 | O75: 35.1456 | P75: 31.9095 | Q75: Pólis, Cyprus | R75: Asia | T75: =IF(C75="","",IF(ISNUMBER(C75),DATE(YEAR(C75),DAY(C75),MONTH(C75))+TIME(HOUR(C75),MINUTE(C75),SECOND(C75)),DATE(VALUE(MID(C75,7,4)),VALUE(MID(C75,4,2)),VALUE(MID(C75,1,2)))+TIME(VALUE(MID(C75,12,2)),VALUE(MID(C75,15,2)),0))) -> 44572.047 | U75: =ISNUMBER(T75) -> TRUE | V75: =ISNUMBER(C75) -> TRUE | W75: =IF(ISNUMBER(SEARCH(" km ",A75)),"Distance/Location","Named Region") -> Distance/Location | X75: =LOWER(M75) -> mww | Y75: =COUNTIFS($A$2:$A$1001,A75,$C$2:$C$1001,C75) -> 1 | Z75: =IF(Y75>1,"Duplicate","Unique") -> Unique | AA75: =IF(U75=TRUE,"Valid","Invalid") -> Valid
A76: M 6.6 - northern Qinghai, China | B76: 6.6 | C76: 44743.74 | D76: 9 | E76: 8 | F76: orange | G76: 0 | H76: 1012 | I76: us | J76: 0 | K76: 2.685 | L76: 13 | M76: mww | N76: 13 | O76: 37.8167 | P76: 101.299 | Q76: northern Qinghai, China | R76: Asia | S76: People's Republic of China | T76: =IF(C76="","",IF(ISNUMBER(C76),DATE(YEAR(C76),DAY(C76),MONTH(C76))+TIME(HOUR(C76),MINUTE(C76),SECOND(C76)),DATE(VALUE(MID(C76,7,4)),VALUE(MID(C76,4,2)),VALUE(MID(C76,1,2)))+TIME(VALUE(MID(C76,12,2)),VALUE(MID(C76,15,2)),0))) -> 44568.74 | U76: =ISNUMBER(T76) -> TRUE | V76: =ISNUMBER(C76) -> TRUE | W76: =IF(ISNUMBER(SEARCH(" km ",A76)),"Distance/Location","Named Region") -> Named Region | X76: =LOWER(M76) -> mww | Y76: =COUNTIFS($A$2:$A$1001,A76,$C$2:$C$1001,C76) -> 1 | Z76: =IF(Y76>1,"Duplicate","Unique") -> Unique | AA76: =IF(U76=TRUE,"Valid","Invalid") -> Valid
A77: M 7.3 - 125 km NNE of Lospalos, Timor Leste | B77: 7.3 | C77: 29/12/2021 18:25 | D77: 8 | E77: 7 | F77: green | G77: 0 | H77: 921 | I77: us | J77: 0 | K77: 3.713 | L77: 19 | M77: mww | N77: 165.49 | O77: -7.5924 | P77: 127.581 | Q77: Lospalos, Timor Leste | S77: Indonesia | T77: =IF(C77="","",IF(ISNUMBER(C77),DATE(YEAR(C77),DAY(C77),MONTH(C77))+TIME(HOUR(C77),MINUTE(C77),SECOND(C77)),DATE(VALUE(MID(C77,7,4)),VALUE(MID(C77,4,2)),VALUE(MID(C77,1,2)))+TIME(VALUE(MID(C77,12,2)),VALUE(MID(C77,15,2)),0))) -> 44559.767 | U77: =ISNUMBER(T77) -> TRUE | V77: =ISNUMBER(C77) -> FALSE | W77: =IF(ISNUMBER(SEARCH(" km ",A77)),"Distance/Location","Named Region") -> Distance/Location | X77: =LOWER(M77) -> mww | Y77: =COUNTIFS($A$2:$A$1001,A77,$C$2:$C$1001,C77) -> 1 | Z77: =IF(Y77>1,"Duplicate","Unique") -> Unique | AA77: =IF(U77=TRUE,"Valid","Invalid") -> Valid
A78: M 7.3 - Flores Sea | B78: 7.3 | C78: 14/12/2021 03:20 | D78: 9 | E78: 5 | F78: green | G78: 1 | H78: 854 | I78: us | J78: 0 | K78: 1.025 | L78: 32 | M78: mww | N78: 14.27 | O78: -7.6033 | P78: 122.2 | Q78: Flores Sea | R78: Asia | S78: Indonesia | T78: =IF(C78="","",IF(ISNUMBER(C78),DATE(YEAR(C78),DAY(C78),MONTH(C78))+TIME(HOUR(C78),MINUTE(C78),SECOND(C78)),DATE(VALUE(MID(C78,7,4)),VALUE(MID(C78,4,2)),VALUE(MID(C78,1,2)))+TIME(VALUE(MID(C78,12,2)),VALUE(MID(C78,15,2)),0))) -> 44544.139 | U78: =ISNUMBER(T78) -> TRUE | V78: =ISNUMBER(C78) -> FALSE | W78: =IF(ISNUMBER(SEARCH(" km ",A78)),"Distance/Location","Named Region") -> Named Region | X78: =LOWER(M78) -> mww | Y78: =COUNTIFS($A$2:$A$1001,A78,$C$2:$C$1001,C78) -> 1 | Z78: =IF(Y78>1,"Duplicate","Unique") -> Unique | AA78: =IF(U78=TRUE,"Valid","Invalid") -> Valid
A79: M 7.5 - 43 km NNW of Barranca, Peru | B79: 7.5 | C79: 28/11/2021 10:52 | D79: 8 | E79: 8 | F79: yellow | G79: 1 | H79: 1094 | I79: us | J79: 0 | K79: 4.951 | L79: 40 | M79: mww | N79: 126 | O79: -4.4898 | P79: -76.8461 | Q79: Barranca, Peru | R79: South America | S79: Peru | T79: =IF(C79="","",IF(ISNUMBER(C79),DATE(YEAR(C79),DAY(C79),MONTH(C79))+TIME(HOUR(C79),MINUTE(C79),SECOND(C79)),DATE(VALUE(MID(C79,7,4)),VALUE(MID(C79,4,2)),VALUE(MID(C79,1,2)))+TIME(VALUE(MID(C79,12,2)),VALUE(MID(C79,15,2)),0))) -> 44528.453 | U79: =ISNUMBER(T79) -> TRUE | V79: =ISNUMBER(C79) -> FALSE | W79: =IF(ISNUMBER(SEARCH(" km ",A79)),"Distance/Location","Named Region") -> Distance/Location | X79: =LOWER(M79) -> mww | Y79: =COUNTIFS($A$2:$A$1001,A79,$C$2:$C$1001,C79) -> 1 | Z79: =IF(Y79>1,"Duplicate","Unique") -> Unique | AA79: =IF(U79=TRUE,"Valid","Invalid") -> Valid
A80: M 6.6 - 177 km SE of Hirara, Japan | B80: 6.6 | C80: 44480.656 | D80: 7 | E80: 4 | F80: green | G80: 1 | H80: 688 | I80: us | J80: 0 | K80: 3.259 | L80: 15 | M80: mww | N80: 12 | O80: 23.5414 | P80: 126.48 | Q80: Hirara, Japan | T80: =IF(C80="","",IF(ISNUMBER(C80),DATE(YEAR(C80),DAY(C80),MONTH(C80))+TIME(HOUR(C80),MINUTE(C80),SECOND(C80)),DATE(VALUE(MID(C80,7,4)),VALUE(MID(C80,4,2)),VALUE(MID(C80,1,2)))+TIME(VALUE(MID(C80,12,2)),VALUE(MID(C80,15,2)),0))) -> 44510.656 | U80: =ISNUMBER(T80) -> TRUE | V80: =ISNUMBER(C80) -> TRUE | W80: =IF(ISNUMBER(SEARCH(" km ",A80)),"Distance/Location","Named Region") -> Distance/Location | X80: =LOWER(M80) -> mww | Y80: =COUNTIFS($A$2:$A$1001,A80,$C$2:$C$1001,C80) -> 1 | Z80: =IF(Y80>1,"Duplicate","Unique") -> Unique | AA80: =IF(U80=TRUE,"Valid","Invalid") -> Valid
A81: M 6.9 - 112 km E of Chignik, Alaska | B81: 6.9 | C81: 44510.382 | D81: 8 | E81: 6 | F81: green | G81: 1 | H81: 995 | I81: ak | J81: 0 | K81: 0 | L81: 0 | M81: mww | N81: 51.6 | O81: 56.2581 | P81: -156.492 | Q81: Chignik, Alaska | R81: North America | S81: United States of America | T81: =IF(C81="","",IF(ISNUMBER(C81),DATE(YEAR(C81),DAY(C81),MONTH(C81))+TIME(HOUR(C81),MINUTE(C81),SECOND(C81)),DATE(VALUE(MID(C81,7,4)),VALUE(MID(C81,4,2)),VALUE(MID(C81,1,2)))+TIME(VALUE(MID(C81,12,2)),VALUE(MID(C81,15,2)),0))) -> 44480.382 | U81: =ISNUMBER(T81) -> TRUE | V81: =ISNUMBER(C81) -> TRUE | W81: =IF(ISNUMBER(SEARCH(" km ",A81)),"Distance/Location","Named Region") -> Distance/Location | X81: =LOWER(M81) -> mww | Y81: =COUNTIFS($A$2:$A$1001,A81,$C$2:$C$1001,C81) -> 1 | Z81: =IF(Y81>1,"Duplicate","Unique") -> Unique | AA81: =IF(U81=TRUE,"Valid","Invalid") -> Valid
A82: M 6.9 - Vanuatu region | B82: 6.9 | C82: 44449.457 | D82: 4 | E82: 3 | F82: green | G82: 1 | H82: 740 | I82: us | J82: 0 | K82: 4.778 | L82: 31 | M82: mww | N82: 535 | O82: -21.1704 | P82: 174.54 | Q82: Vanuatu region | T82: =IF(C82="","",IF(ISNUMBER(C82),DATE(YEAR(C82),DAY(C82),MONTH(C82))+TIME(HOUR(C82),MINUTE(C82),SECOND(C82)),DATE(VALUE(MID(C82,7,4)),VALUE(MID(C82,4,2)),VALUE(MID(C82,1,2)))+TIME(VALUE(MID(C82,12,2)),VALUE(MID(C82,15,2)),0))) -> 44478.457 | U82: =ISNUMBER(T82) -> TRUE | V82: =ISNUMBER(C82) -> TRUE | W82: =IF(ISNUMBER(SEARCH(" km ",A82)),"Distance/Location","Named Region") -> Named Region | X82: =LOWER(M82) -> mww | Y82: =COUNTIFS($A$2:$A$1001,A82,$C$2:$C$1001,C82) -> 1 | Z82: =IF(Y82>1,"Duplicate","Unique") -> Unique | AA82: =IF(U82=TRUE,"Valid","Invalid") -> Valid
A83: M 7.3 - Vanuatu region | B83: 7.3 | C83: 44237.27 | D83: 4 | E83: 4 | F83: green | G83: 1 | H83: 826 | I83: us | J83: 0 | K83: 4.493 | L83: 32 | M83: mww | N83: 527 | O83: -21.1036 | P83: 174.895 | Q83: Vanuatu region | T83: =IF(C83="","",IF(ISNUMBER(C83),DATE(YEAR(C83),DAY(C83),MONTH(C83))+TIME(HOUR(C83),MINUTE(C83),SECOND(C83)),DATE(VALUE(MID(C83,7,4)),VALUE(MID(C83,4,2)),VALUE(MID(C83,1,2)))+TIME(VALUE(MID(C83,12,2)),VALUE(MID(C83,15,2)),0))) -> 44471.27 | U83: =ISNUMBER(T83) -> TRUE | V83: =ISNUMBER(C83) -> TRUE | W83: =IF(ISNUMBER(SEARCH(" km ",A83)),"Distance/Location","Named Region") -> Named Region | X83: =LOWER(M83) -> mww | Y83: =COUNTIFS($A$2:$A$1001,A83,$C$2:$C$1001,C83) -> 1 | Z83: =IF(Y83>1,"Duplicate","Unique") -> Unique | AA83: =IF(U83=TRUE,"Valid","Invalid") -> Valid
A84: M 6.5 - 80 km SW of Jiquilillo, Nicaragua | B84: 6.5 | C84: 22/09/2021 09:57 | D84: 7 | E84: 5 | F84: green | G84: 1 | H84: 684 | I84: us | J84: 0 | K84: 0.993 | L84: 114 | M84: mww | N84: 21 | O84: 12.1598 | P84: -87.8542 | Q84: Jiquilillo, Nicaragua | T84: =IF(C84="","",IF(ISNUMBER(C84),DATE(YEAR(C84),DAY(C84),MONTH(C84))+TIME(HOUR(C84),MINUTE(C84),SECOND(C84)),DATE(VALUE(MID(C84,7,4)),VALUE(MID(C84,4,2)),VALUE(MID(C84,1,2)))+TIME(VALUE(MID(C84,12,2)),VALUE(MID(C84,15,2)),0))) -> 44461.415 | U84: =ISNUMBER(T84) -> TRUE | V84: =ISNUMBER(C84) -> FALSE | W84: =IF(ISNUMBER(SEARCH(" km ",A84)),"Distance/Location","Named Region") -> Distance/Location | X84: =LOWER(M84) -> mww | Y84: =COUNTIFS($A$2:$A$1001,A84,$C$2:$C$1001,C84) -> 1 | Z84: =IF(Y84>1,"Duplicate","Unique") -> Unique | AA84: =IF(U84=TRUE,"Valid","Invalid") -> Valid
A85: M 7.0 - Acapulco, Mexico | B85: 7 | C85: 44417.074 | D85: 8 | E85: 8 | F85: red | G85: 1 | H85: 2504 | I85: us | J85: 0 | K85: 0.07 | L85: 43 | M85: mww | N85: 20 | O85: 16.9502 | P85: -99.7877 | Q85: Acapulco, Mexico | R85: North America | S85: Mexico | T85: =IF(C85="","",IF(ISNUMBER(C85),DATE(YEAR(C85),DAY(C85),MONTH(C85))+TIME(HOUR(C85),MINUTE(C85),SECOND(C85)),DATE(VALUE(MID(C85,7,4)),VALUE(MID(C85,4,2)),VALUE(MID(C85,1,2)))+TIME(VALUE(MID(C85,12,2)),VALUE(MID(C85,15,2)),0))) -> 44447.074 | U85: =ISNUMBER(T85) -> TRUE | V85: =ISNUMBER(C85) -> TRUE | W85: =IF(ISNUMBER(SEARCH(" km ",A85)),"Distance/Location","Named Region") -> Named Region | X85: =LOWER(M85) -> mww | Y85: =COUNTIFS($A$2:$A$1001,A85,$C$2:$C$1001,C85) -> 1 | Z85: =IF(Y85>1,"Duplicate","Unique") -> Unique | AA85: =IF(U85=TRUE,"Valid","Invalid") -> Valid
A86: M 7.1 - South Sandwich Islands region | B86: 7.1 | C86: 22/08/2021 21:33 | D86: 1 | E86: 4 | F86: green | G86: 1 | H86: 776 | I86: us | J86: 0 | K86: 9.799 | L86: 32 | M86: mww | N86: 6 | O86: -60.3026 | P86: -24.9992 | Q86: South Sandwich Islands region | S86: Antarctica | T86: =IF(C86="","",IF(ISNUMBER(C86),DATE(YEAR(C86),DAY(C86),MONTH(C86))+TIME(HOUR(C86),MINUTE(C86),SECOND(C86)),DATE(VALUE(MID(C86,7,4)),VALUE(MID(C86,4,2)),VALUE(MID(C86,1,2)))+TIME(VALUE(MID(C86,12,2)),VALUE(MID(C86,15,2)),0))) -> 44430.898 | U86: =ISNUMBER(T86) -> TRUE | V86: =ISNUMBER(C86) -> FALSE | W86: =IF(ISNUMBER(SEARCH(" km ",A86)),"Distance/Location","Named Region") -> Named Region | X86: =LOWER(M86) -> mww | Y86: =COUNTIFS($A$2:$A$1001,A86,$C$2:$C$1001,C86) -> 1 | Z86: =IF(Y86>1,"Duplicate","Unique") -> Unique | AA86: =IF(U86=TRUE,"Valid","Invalid") -> Valid
A87: M 6.6 - South Sandwich Islands region | B87: 6.6 | C87: 22/08/2021 00:45 | D87: 1 | E87: 3 | F87: green | G87: 1 | H87: 670 | I87: us | J87: 0 | K87: 8.865 | L87: 19 | M87: mww | N87: 7 | O87: -60.1023 | P87: -24.4608 | Q87: South Sandwich Islands region | S87: Antarctica | T87: =IF(C87="","",IF(ISNUMBER(C87),DATE(YEAR(C87),DAY(C87),MONTH(C87))+TIME(HOUR(C87),MINUTE(C87),SECOND(C87)),DATE(VALUE(MID(C87,7,4)),VALUE(MID(C87,4,2)),VALUE(MID(C87,1,2)))+TIME(VALUE(MID(C87,12,2)),VALUE(MID(C87,15,2)),0))) -> 44430.031 | U87: =ISNUMBER(T87) -> TRUE | V87: =ISNUMBER(C87) -> FALSE | W87: =IF(ISNUMBER(SEARCH(" km ",A87)),"Distance/Location","Named Region") -> Named Region | X87: =LOWER(M87) -> mww | Y87: =COUNTIFS($A$2:$A$1001,A87,$C$2:$C$1001,C87) -> 1 | Z87: =IF(Y87>1,"Duplicate","Unique") -> Unique | AA87: =IF(U87=TRUE,"Valid","Invalid") -> Valid
A88: M 6.9 - 17 km N of Port-Olry, Vanuatu | B88: 6.9 | C88: 18/08/2021 10:10 | D88: 8 | E88: 7 | F88: green | G88: 1 | H88: 741 | I88: us | J88: 0 | K88: 0.579 | L88: 54 | M88: mww | N88: 93 | O88: -14.892 | P88: 167.085 | Q88: Port-Olry, Vanuatu | R88: Oceania | S88: Vanuatu | T88: =IF(C88="","",IF(ISNUMBER(C88),DATE(YEAR(C88),DAY(C88),MONTH(C88))+TIME(HOUR(C88),MINUTE(C88),SECOND(C88)),DATE(VALUE(MID(C88,7,4)),VALUE(MID(C88,4,2)),VALUE(MID(C88,1,2)))+TIME(VALUE(MID(C88,12,2)),VALUE(MID(C88,15,2)),0))) -> 44426.424 | U88: =ISNUMBER(T88) -> TRUE | V88: =ISNUMBER(C88) -> FALSE | W88: =IF(ISNUMBER(SEARCH(" km ",A88)),"Distance/Location","Named Region") -> Distance/Location | X88: =LOWER(M88) -> mww | Y88: =COUNTIFS($A$2:$A$1001,A88,$C$2:$C$1001,C88) -> 1 | Z88: =IF(Y88>1,"Duplicate","Unique") -> Unique | AA88: =IF(U88=TRUE,"Valid","Invalid") -> Valid
A89: M 6.9 - South Sandwich Islands region | B89: 6.9 | C89: 16/08/2021 11:10 | D89: 6 | E89: 4 | F89: green | G89: 1 | H89: 734 | I89: us | J89: 0 | K89: 8.363 | L89: 48 | M89: mww | N89: 16.7 | O89: -58.3814 | P89: -23.3318 | Q89: South Sandwich Islands region | T89: =IF(C89="","",IF(ISNUMBER(C89),DATE(YEAR(C89),DAY(C89),MONTH(C89))+TIME(HOUR(C89),MINUTE(C89),SECOND(C89)),DATE(VALUE(MID(C89,7,4)),VALUE(MID(C89,4,2)),VALUE(MID(C89,1,2)))+TIME(VALUE(MID(C89,12,2)),VALUE(MID(C89,15,2)),0))) -> 44424.465 | U89: =ISNUMBER(T89) -> TRUE | V89: =ISNUMBER(C89) -> FALSE | W89: =IF(ISNUMBER(SEARCH(" km ",A89)),"Distance/Location","Named Region") -> Named Region | X89: =LOWER(M89) -> mww | Y89: =COUNTIFS($A$2:$A$1001,A89,$C$2:$C$1001,C89) -> 1 | Z89: =IF(Y89>1,"Duplicate","Unique") -> Unique | AA89: =IF(U89=TRUE,"Valid","Invalid") -> Valid
A90: M 7.2 - Nippes, Haiti | B90: 7.2 | C90: 14/08/2021 12:29 | D90: 9 | E90: 8 | F90: red | G90: 1 | H90: 2331 | I90: us | J90: 0 | K90: 1.178 | L90: 23 | M90: mww | N90: 10 | O90: 18.3521 | P90: -73.4804 | Q90: Nippes, Haiti | R90: North America | S90: Haiti | T90: =IF(C90="","",IF(ISNUMBER(C90),DATE(YEAR(C90),DAY(C90),MONTH(C90))+TIME(HOUR(C90),MINUTE(C90),SECOND(C90)),DATE(VALUE(MID(C90,7,4)),VALUE(MID(C90,4,2)),VALUE(MID(C90,1,2)))+TIME(VALUE(MID(C90,12,2)),VALUE(MID(C90,15,2)),0))) -> 44422.52 | U90: =ISNUMBER(T90) -> TRUE | V90: =ISNUMBER(C90) -> FALSE | W90: =IF(ISNUMBER(SEARCH(" km ",A90)),"Distance/Location","Named Region") -> Named Region | X90: =LOWER(M90) -> mww | Y90: =COUNTIFS($A$2:$A$1001,A90,$C$2:$C$1001,C90) -> 1 | Z90: =IF(Y90>1,"Duplicate","Unique") -> Unique | AA90: =IF(U90=TRUE,"Valid","Invalid") -> Valid
A91: M 6.9 - 136 km SE of Perryville, Alaska | B91: 6.9 | C91: 14/08/2021 11:57 | D91: 5 | E91: 4 | F91: green | G91: 1 | H91: 738 | I91: ak | J91: 0 | K91: 0 | L91: 0 | M91: mww | N91: 33.3 | O91: 55.2364 | P91: -157.707 | Q91: Perryville, Alaska | T91: =IF(C91="","",IF(ISNUMBER(C91),DATE(YEAR(C91),DAY(C91),MONTH(C91))+TIME(HOUR(C91),MINUTE(C91),SECOND(C91)),DATE(VALUE(MID(C91,7,4)),VALUE(MID(C91,4,2)),VALUE(MID(C91,1,2)))+TIME(VALUE(MID(C91,12,2)),VALUE(MID(C91,15,2)),0))) -> 44422.498 | U91: =ISNUMBER(T91) -> TRUE | V91: =ISNUMBER(C91) -> FALSE | W91: =IF(ISNUMBER(SEARCH(" km ",A91)),"Distance/Location","Named Region") -> Distance/Location | X91: =LOWER(M91) -> mww | Y91: =COUNTIFS($A$2:$A$1001,A91,$C$2:$C$1001,C91) -> 1 | Z91: =IF(Y91>1,"Duplicate","Unique") -> Unique | AA91: =IF(U91=TRUE,"Valid","Invalid") -> Valid
A92: M 6.9 - 125 km SE of Perryville, Alaska | B92: 6.9 | C92: 14/08/2021 11:57 | D92: 5 | E92: 4 | F92: green | G92: 1 | H92: 738 | I92: us | J92: 0 | K92: 1.173 | L92: 36 | M92: mww | N92: 20.74 | O92: 55.2657 | P92: -157.68 | Q92: Perryville, Alaska | T92: =IF(C92="","",IF(ISNUMBER(C92),DATE(YEAR(C92),DAY(C92),MONTH(C92))+TIME(HOUR(C92),MINUTE(C92),SECOND(C92)),DATE(VALUE(MID(C92,7,4)),VALUE(MID(C92,4,2)),VALUE(MID(C92,1,2)))+TIME(VALUE(MID(C92,12,2)),VALUE(MID(C92,15,2)),0))) -> 44422.498 | U92: =ISNUMBER(T92) -> TRUE | V92: =ISNUMBER(C92) -> FALSE | W92: =IF(ISNUMBER(SEARCH(" km ",A92)),"Distance/Location","Named Region") -> Distance/Location | X92: =LOWER(M92) -> mww | Y92: =COUNTIFS($A$2:$A$1001,A92,$C$2:$C$1001,C92) -> 1 | Z92: =IF(Y92>1,"Duplicate","Unique") -> Unique | AA92: =IF(U92=TRUE,"Valid","Invalid") -> Valid
A93: M 8.1 - South Sandwich Islands region | B93: 8.1 | C93: 44538.774 | D93: 0 | E93: 7 | F93: green | G93: 0 | H93: 1009 | I93: us | J93: 0 | K93: 7.463 | L93: 78 | M93: mww | N93: 22.79 | O93: -58.4157 | P93: -25.3206 | Q93: South Sandwich Islands region | T93: =IF(C93="","",IF(ISNUMBER(C93),DATE(YEAR(C93),DAY(C93),MONTH(C93))+TIME(HOUR(C93),MINUTE(C93),SECOND(C93)),DATE(VALUE(MID(C93,7,4)),VALUE(MID(C93,4,2)),VALUE(MID(C93,1,2)))+TIME(VALUE(MID(C93,12,2)),VALUE(MID(C93,15,2)),0))) -> 44420.774 | U93: =ISNUMBER(T93) -> TRUE | V93: =ISNUMBER(C93) -> TRUE | W93: =IF(ISNUMBER(SEARCH(" km ",A93)),"Distance/Location","Named Region") -> Named Region | X93: =LOWER(M93) -> mww | Y93: =COUNTIFS($A$2:$A$1001,A93,$C$2:$C$1001,C93) -> 1 | Z93: =IF(Y93>1,"Duplicate","Unique") -> Unique | AA93: =IF(U93=TRUE,"Valid","Invalid") -> Valid
A94: M 7.5 - South Sandwich Islands region | B94: 7.5 | C94: 44538.772 | D94: 9 | E94: 6 | F94: green | G94: 1 | H94: 868 | I94: us | J94: 0 | K94: 7.227 | L94: 38 | M94: mww | N94: 47.23 | O94: -57.5959 | P94: -25.1874 | Q94: South Sandwich Islands region | T94: =IF(C94="","",IF(ISNUMBER(C94),DATE(YEAR(C94),DAY(C94),MONTH(C94))+TIME(HOUR(C94),MINUTE(C94),SECOND(C94)),DATE(VALUE(MID(C94,7,4)),VALUE(MID(C94,4,2)),VALUE(MID(C94,1,2)))+TIME(VALUE(MID(C94,12,2)),VALUE(MID(C94,15,2)),0))) -> 44420.772 | U94: =ISNUMBER(T94) -> TRUE | V94: =ISNUMBER(C94) -> TRUE | W94: =IF(ISNUMBER(SEARCH(" km ",A94)),"Distance/Location","Named Region") -> Named Region | X94: =LOWER(M94) -> mww | Y94: =COUNTIFS($A$2:$A$1001,A94,$C$2:$C$1001,C94) -> 1 | Z94: =IF(Y94>1,"Duplicate","Unique") -> Unique | AA94: =IF(U94=TRUE,"Valid","Invalid") -> Valid
A95: M 7.1 - 60 km ENE of Pondaguitan, Philippines | B95: 7.1 | C95: 44508.74 | D95: 9 | E95: 7 | F95: green | G95: 1 | H95: 846 | I95: us | J95: 0 | K95: 1.273 | L95: 25 | M95: mww | N95: 55.14 | O95: 6.4547 | P95: 126.742 | Q95: Pondaguitan, Philippines | T95: =IF(C95="","",IF(ISNUMBER(C95),DATE(YEAR(C95),DAY(C95),MONTH(C95))+TIME(HOUR(C95),MINUTE(C95),SECOND(C95)),DATE(VALUE(MID(C95,7,4)),VALUE(MID(C95,4,2)),VALUE(MID(C95,1,2)))+TIME(VALUE(MID(C95,12,2)),VALUE(MID(C95,15,2)),0))) -> 44419.74 | U95: =ISNUMBER(T95) -> TRUE | V95: =ISNUMBER(C95) -> TRUE | W95: =IF(ISNUMBER(SEARCH(" km ",A95)),"Distance/Location","Named Region") -> Distance/Location | X95: =LOWER(M95) -> mww | Y95: =COUNTIFS($A$2:$A$1001,A95,$C$2:$C$1001,C95) -> 1 | Z95: =IF(Y95>1,"Duplicate","Unique") -> Unique | AA95: =IF(U95=TRUE,"Valid","Invalid") -> Valid
A96: M 8.2 - 91 km ESE of Perryville, Alaska | B96: 8.2 | C96: 29/07/2021 06:15 | D96: 8 | E96: 6 | F96: green | G96: 1 | H96: 1237 | I96: us | J96: 0 | K96: 0.875 | L96: 66 | M96: mww | N96: 46.66 | O96: 55.4742 | P96: -157.917 | Q96: Perryville, Alaska | T96: =IF(C96="","",IF(ISNUMBER(C96),DATE(YEAR(C96),DAY(C96),MONTH(C96))+TIME(HOUR(C96),MINUTE(C96),SECOND(C96)),DATE(VALUE(MID(C96,7,4)),VALUE(MID(C96,4,2)),VALUE(MID(C96,1,2)))+TIME(VALUE(MID(C96,12,2)),VALUE(MID(C96,15,2)),0))) -> 44406.26 | U96: =ISNUMBER(T96) -> TRUE | V96: =ISNUMBER(C96) -> FALSE | W96: =IF(ISNUMBER(SEARCH(" km ",A96)),"Distance/Location","Named Region") -> Distance/Location | X96: =LOWER(M96) -> mww | Y96: =COUNTIFS($A$2:$A$1001,A96,$C$2:$C$1001,C96) -> 1 | Z96: =IF(Y96>1,"Duplicate","Unique") -> Unique | AA96: =IF(U96=TRUE,"Valid","Invalid") -> Valid
A97: M 8.2 - 99 km SE of Perryville, Alaska | B97: 8.2 | C97: 29/07/2021 06:15 | D97: 8 | E97: 7 | F97: yellow | G97: 1 | H97: 1252 | I97: ak | J97: 0 | K97: 0 | L97: 0 | M97: mww | N97: 35 | O97: 55.3154 | P97: -157.829 | Q97: Perryville, Alaska | T97: =IF(C97="","",IF(ISNUMBER(C97),DATE(YEAR(C97),DAY(C97),MONTH(C97))+TIME(HOUR(C97),MINUTE(C97),SECOND(C97)),DATE(VALUE(MID(C97,7,4)),VALUE(MID(C97,4,2)),VALUE(MID(C97,1,2)))+TIME(VALUE(MID(C97,12,2)),VALUE(MID(C97,15,2)),0))) -> 44406.26 | U97: =ISNUMBER(T97) -> TRUE | V97: =ISNUMBER(C97) -> FALSE | W97: =IF(ISNUMBER(SEARCH(" km ",A97)),"Distance/Location","Named Region") -> Distance/Location | X97: =LOWER(M97) -> mww | Y97: =COUNTIFS($A$2:$A$1001,A97,$C$2:$C$1001,C97) -> 1 | Z97: =IF(Y97>1,"Duplicate","Unique") -> Unique | AA97: =IF(U97=TRUE,"Valid","Invalid") -> Valid
A98: M 6.7 - 15 km S of Hukay, Philippines | B98: 6.7 | C98: 23/07/2021 20:48 | D98: 8 | E98: 5 | F98: green | G98: 1 | H98: 935 | I98: us | J98: 0 | K98: 8.139 | L98: 12 | M98: mww | N98: 110 | O98: 13.6989 | P98: 120.713 | Q98: Hukay, Philippines | R98: Asia | S98: Philippines | T98: =IF(C98="","",IF(ISNUMBER(C98),DATE(YEAR(C98),DAY(C98),MONTH(C98))+TIME(HOUR(C98),MINUTE(C98),SECOND(C98)),DATE(VALUE(MID(C98,7,4)),VALUE(MID(C98,4,2)),VALUE(MID(C98,1,2)))+TIME(VALUE(MID(C98,12,2)),VALUE(MID(C98,15,2)),0))) -> 44400.867 | U98: =ISNUMBER(T98) -> TRUE | V98: =ISNUMBER(C98) -> FALSE | W98: =IF(ISNUMBER(SEARCH(" km ",A98)),"Distance/Location","Named Region") -> Distance/Location | X98: =LOWER(M98) -> mww | Y98: =COUNTIFS($A$2:$A$1001,A98,$C$2:$C$1001,C98) -> 1 | Z98: =IF(Y98>1,"Duplicate","Unique") -> Unique | AA98: =IF(U98=TRUE,"Valid","Invalid") -> Valid
A99: M 6.7 - 71 km S of Burica, Panama | B99: 6.7 | C99: 21/07/2021 21:15 | D99: 6 | E99: 6 | F99: green | G99: 1 | H99: 830 | I99: us | J99: 0 | K99: 1.395 | L99: 61 | M99: mww | N99: 10 | O99: 7.5904 | P99: -82.8813 | Q99: Burica, Panama | T99: =IF(C99="","",IF(ISNUMBER(C99),DATE(YEAR(C99),DAY(C99),MONTH(C99))+TIME(HOUR(C99),MINUTE(C99),SECOND(C99)),DATE(VALUE(MID(C99,7,4)),VALUE(MID(C99,4,2)),VALUE(MID(C99,1,2)))+TIME(VALUE(MID(C99,12,2)),VALUE(MID(C99,15,2)),0))) -> 44398.885 | U99: =ISNUMBER(T99) -> TRUE | V99: =ISNUMBER(C99) -> FALSE | W99: =IF(ISNUMBER(SEARCH(" km ",A99)),"Distance/Location","Named Region") -> Distance/Location | X99: =LOWER(M99) -> mww | Y99: =COUNTIFS($A$2:$A$1001,A99,$C$2:$C$1001,C99) -> 1 | Z99: =IF(Y99>1,"Duplicate","Unique") -> Unique | AA99: =IF(U99=TRUE,"Valid","Invalid") -> Valid
A100: M 6.5 - Kermadec Islands, New Zealand | B100: 6.5 | C100: 20/06/2021 17:05 | D100: 0 | E100: 4 | F100: green | G100: 1 | H100: 650 | I100: us | J100: 0 | K100: 7.994 | L100: 24 | M100: mww | N100: 25 | O100: -30.2144 | P100: -177.773 | Q100: Kermadec Islands, New Zealand | T100: =IF(C100="","",IF(ISNUMBER(C100),DATE(YEAR(C100),DAY(C100),MONTH(C100))+TIME(HOUR(C100),MINUTE(C100),SECOND(C100)),DATE(VALUE(MID(C100,7,4)),VALUE(MID(C100,4,2)),VALUE(MID(C100,1,2)))+TIME(VALUE(MID(C100,12,2)),VALUE(MID(C100,15,2)),0))) -> 44367.712 | U100: =ISNUMBER(T100) -> TRUE | V100: =ISNUMBER(C100) -> FALSE | W100: =IF(ISNUMBER(SEARCH(" km ",A100)),"Distance/Location","Named Region") -> Named Region | X100: =LOWER(M100) -> mww | Y100: =COUNTIFS($A$2:$A$1001,A100,$C$2:$C$1001,C100) -> 1 | Z100: =IF(Y100>1,"Duplicate","Unique") -> Unique | AA100: =IF(U100=TRUE,"Valid","Invalid") -> Valid
...

Sheet Cleaned_Data
A1: title | B1: magnitude | C1: date_time | D1: cdi | E1: mmi | F1: alert_cleaned | G1: tsunami | H1: sig | I1: net | J1: nst | K1: dmin | L1: gap | M1: magType | N1: depth | O1: latitude | P1: longitude | Q1: location_cleaned | R1: continent_cleaned | S1: country_cleaned | T1: date_status | U1: duplicate_count | V1: duplicate_flag | W1: alert_cleaned | X1: location_cleaned | Y1: continent_cleaned | Z1: country_cleaned | AA1: magType_normalized
A2: M 6.5 - 42 km W of Sola, Vanuatu | B2: 6.5 | C2: =Raw_Data!T2 -> 45154.533 | D2: 7 | E2: 4 | F2: green | G2: 0 | H2: 657 | I2: us | J2: 114 | K2: 7.177 | L2: 25 | M2: =Raw_Data!X2 -> mww | N2: 192.955 | O2: -13.8814 | P2: 167.158 | Q2: Sola, Vanuatu | S2: Vanuatu | T2: =IF(ISNUMBER(C2),"Valid","Invalid") -> Valid | U2: =COUNTIFS($A$2:$A$1001,A2,$B$2:$B$1001,B2,$C$2:$C$1001,C2) -> 1 | V2: =IF(U2>1,"Duplicate","Unique") -> Unique | W2: =IF(F2="","Unknown",F2) -> green | X2: =IF(Q2="","Unknown",Q2) -> Sola, Vanuatu | Y2: =IF(R2="","Unknown",R2) -> Unknown | Z2: =IF(S2="","Unknown",S2) -> Vanuatu | AA2: =LOWER(TRIM(M2)) -> mww
A3: M 6.5 - 43 km S of Intipucá, El Salvador | B3: 6.5 | C3: =Raw_Data!T3 -> 45126.015 | D3: 8 | E3: 6 | F3: yellow | G3: 0 | H3: 775 | I3: us | J3: 92 | K3: 0.679 | L3: 40 | M3: =Raw_Data!X3 -> mww | N3: 69.727 | O3: 12.814 | P3: -88.1265 | Q3: Intipucá, El Salvador | T3: =IF(ISNUMBER(C3),"Valid","Invalid") -> Valid | U3: =COUNTIFS($A$2:$A$1001,A3,$B$2:$B$1001,B3,$C$2:$C$1001,C3) -> 1 | V3: =IF(U3>1,"Duplicate","Unique") -> Unique | W3: =IF(F3="","Unknown",F3) -> yellow | X3: =IF(Q3="","Unknown",Q3) -> Intipucá, El Salvador | Y3: =IF(R3="","Unknown",R3) -> Unknown | Z3: =IF(S3="","Unknown",S3) -> Unknown | AA3: =LOWER(TRIM(M3)) -> mww
A4: M 6.6 - 25 km ESE of Loncopué, Argentina | B4: 6.6 | C4: =Raw_Data!T4 -> 45124.128 | D4: 7 | E4: 5 | F4: green | G4: 0 | H4: 899 | I4: us | J4: 70 | K4: 1.634 | L4: 28 | M4: =Raw_Data!X4 -> mww | N4: 171.371 | O4: -38.1911 | P4: -70.3731 | Q4: Loncopué, Argentina | R4: South America | S4: Argentina | T4: =IF(ISNUMBER(C4),"Valid","Invalid") -> Valid | U4: =COUNTIFS($A$2:$A$1001,A4,$B$2:$B$1001,B4,$C$2:$C$1001,C4) -> 1 | V4: =IF(U4>1,"Duplicate","Unique") -> Unique | W4: =IF(F4="","Unknown",F4) -> green | X4: =IF(Q4="","Unknown",Q4) -> Loncopué, Argentina | Y4: =IF(R4="","Unknown",R4) -> South America | Z4: =IF(S4="","Unknown",S4) -> Argentina | AA4: =LOWER(TRIM(M4)) -> mww
A5: M 7.2 - 98 km S of Sand Point, Alaska | B5: 7.2 | C5: =Raw_Data!T5 -> 45123.283 | D5: 6 | E5: 6 | F5: green | G5: 1 | H5: 860 | I5: us | J5: 173 | K5: 0.907 | L5: 36 | M5: =Raw_Data!X5 -> mww | N5: 32.571 | O5: 54.3844 | P5: -160.699 | Q5: Sand Point, Alaska | T5: =IF(ISNUMBER(C5),"Valid","Invalid") -> Valid | U5: =COUNTIFS($A$2:$A$1001,A5,$B$2:$B$1001,B5,$C$2:$C$1001,C5) -> 1 | V5: =IF(U5>1,"Duplicate","Unique") -> Unique | W5: =IF(F5="","Unknown",F5) -> green | X5: =IF(Q5="","Unknown",Q5) -> Sand Point, Alaska | Y5: =IF(R5="","Unknown",R5) -> Unknown | Z5: =IF(S5="","Unknown",S5) -> Unknown | AA5: =LOWER(TRIM(M5)) -> mww
A6: M 7.3 - Alaska Peninsula | B6: 7.3 | C6: =Raw_Data!T6 -> 45123.283 | D6: 0 | E6: 5 | G6: 1 | H6: 820 | I6: at | J6: 79 | K6: 0.879451 | L6: 172.8 | M6: =Raw_Data!X6 -> mi | N6: 21 | O6: 54.49 | P6: -160.796 | Q6: Alaska Peninsula | T6: =IF(ISNUMBER(C6),"Valid","Invalid") -> Valid | U6: =COUNTIFS($A$2:$A$1001,A6,$B$2:$B$1001,B6,$C$2:$C$1001,C6) -> 1 | V6: =IF(U6>1,"Duplicate","Unique") -> Unique | W6: =IF(F6="","Unknown",F6) -> Unknown | X6: =IF(Q6="","Unknown",Q6) -> Alaska Peninsula | Y6: =IF(R6="","Unknown",R6) -> Unknown | Z6: =IF(S6="","Unknown",S6) -> Unknown | AA6: =LOWER(TRIM(M6)) -> mi
A7: M 6.6 - 277 km NNE of Codrington, Antigua and Barbuda | B7: 6.6 | C7: =Raw_Data!T7 -> 45117.853 | D7: 5 | E7: 4 | F7: green | G7: 1 | H7: 802 | I7: us | J7: 95 | K7: 2.454 | L7: 37 | M7: =Raw_Data!X7 -> mww | N7: 10 | O7: 20.0196 | P7: -61.0955 | Q7: Codrington, Antigua and Barbuda | T7: =IF(ISNUMBER(C7),"Valid","Invalid") -> Valid | U7: =COUNTIFS($A$2:$A$1001,A7,$B$2:$B$1001,B7,$C$2:$C$1001,C7) -> 1 | V7: =IF(U7>1,"Duplicate","Unique") -> Unique | W7: =IF(F7="","Unknown",F7) -> green | X7: =IF(Q7="","Unknown",Q7) -> Codrington, Antigua and Barbuda | Y7: =IF(R7="","Unknown",R7) -> Unknown | Z7: =IF(S7="","Unknown",S7) -> Unknown | AA7: =LOWER(TRIM(M7)) -> mww
A8: M 6.9 - Tonga | B8: 6.9 | C8: =Raw_Data!T8 -> 45109.435 | D8: 4 | E8: 4 | F8: green | G8: 1 | H8: 741 | I8: us | J8: 136 | K8: 1.179 | L8: 23 | M8: =Raw_Data!X8 -> mww | N8: 229 | O8: -17.853 | P8: -174.937 | Q8: Tonga | T8: =IF(ISNUMBER(C8),"Valid","Invalid") -> Valid | U8: =COUNTIFS($A$2:$A$1001,A8,$B$2:$B$1001,B8,$C$2:$C$1001,C8) -> 1 | V8: =IF(U8>1,"Duplicate","Unique") -> Unique | W8: =IF(F8="","Unknown",F8) -> green | X8: =IF(Q8="","Unknown",Q8) -> Tonga | Y8: =IF(R8="","Unknown",R8) -> Unknown | Z8: =IF(S8="","Unknown",S8) -> Unknown | AA8: =LOWER(TRIM(M8)) -> mww
A9: M 7.2 - south of the Fiji Islands | B9: 7.2 | C9: =Raw_Data!T9 -> 45092.754 | D9: 8 | E9: 6 | F9: green | G9: 1 | H9: 804 | I9: us | J9: 85 | K9: 2.59 | L9: 24 | M9: =Raw_Data!X9 -> mww | N9: 167.404 | O9: -22.9824 | P9: -177.208 | Q9: the Fiji Islands | T9: =IF(ISNUMBER(C9),"Valid","Invalid") -> Valid | U9: =COUNTIFS($A$2:$A$1001,A9,$B$2:$B$1001,B9,$C$2:$C$1001,C9) -> 1 | V9: =IF(U9>1,"Duplicate","Unique") -> Unique | W9: =IF(F9="","Unknown",F9) -> green | X9: =IF(Q9="","Unknown",Q9) -> the Fiji Islands | Y9: =IF(R9="","Unknown",R9) -> Unknown | Z9: =IF(S9="","Unknown",S9) -> Unknown | AA9: =LOWER(TRIM(M9)) -> mww
A10: M 6.6 - Panama-Colombia border region | B10: 6.6 | C10: =Raw_Data!T10 -> 45071.128 | D10: 6 | E10: 6 | F10: green | G10: 1 | H10: 733 | I10: us | J10: 50 | K10: 2.163 | L10: 129 | M10: =Raw_Data!X10 -> mww | N10: 10 | O10: 8.8894 | P10: -77.1231 | Q10: Panama-Colombia border region | S10: Colombia | T10: =IF(ISNUMBER(C10),"Valid","Invalid") -> Valid | U10: =COUNTIFS($A$2:$A$1001,A10,$B$2:$B$1001,B10,$C$2:$C$1001,C10) -> 1 | V10: =IF(U10>1,"Duplicate","Unique") -> Unique | W10: =IF(F10="","Unknown",F10) -> green | X10: =IF(Q10="","Unknown",Q10) -> Panama-Colombia border region | Y10: =IF(R10="","Unknown",R10) -> Unknown | Z10: =IF(S10="","Unknown",S10) -> Colombia | AA10: =LOWER(TRIM(M10)) -> mww
A11: M 7.1 - southeast of the Loyalty Islands | B11: 7.1 | C11: =Raw_Data!T11 -> 45066.077 | D11: 3 | E11: 4 | F11: green | G11: 1 | H11: 777 | I11: us | J11: 98 | K11: 2.812 | L11: 56 | M11: =Raw_Data!X11 -> mww | N11: 35.981 | O11: -23.0622 | P11: 170.456 | Q11: the Loyalty Islands | T11: =IF(ISNUMBER(C11),"Valid","Invalid") -> Valid | U11: =COUNTIFS($A$2:$A$1001,A11,$B$2:$B$1001,B11,$C$2:$C$1001,C11) -> 1 | V11: =IF(U11>1,"Duplicate","Unique") -> Unique | W11: =IF(F11="","Unknown",F11) -> green | X11: =IF(Q11="","Unknown",Q11) -> the Loyalty Islands | Y11: =IF(R11="","Unknown",R11) -> Unknown | Z11: =IF(S11="","Unknown",S11) -> Unknown | AA11: =LOWER(TRIM(M11)) -> mww
A12: M 7.7 - southeast of the Loyalty Islands | B12: 7.7 | C12: =Raw_Data!T12 -> 45065.123 | D12: 5 | E12: 4 | F12: green | G12: 1 | H12: 927 | I12: us | J12: 277 | K12: 3.111 | L12: 15 | M12: =Raw_Data!X12 -> mww | N12: 18.027 | O12: -23.2286 | P12: 170.694 | Q12: the Loyalty Islands | T12: =IF(ISNUMBER(C12),"Valid","Invalid") -> Valid | U12: =COUNTIFS($A$2:$A$1001,A12,$B$2:$B$1001,B12,$C$2:$C$1001,C12) -> 1 | V12: =IF(U12>1,"Duplicate","Unique") -> Unique | W12: =IF(F12="","Unknown",F12) -> green | X12: =IF(Q12="","Unknown",Q12) -> the Loyalty Islands | Y12: =IF(R12="","Unknown",R12) -> Unknown | Z12: =IF(S12="","Unknown",S12) -> Unknown | AA12: =LOWER(TRIM(M12)) -> mww
A13: M 7.6 - 95 km WNW of Hihifo, Tonga | B13: 7.6 | C13: =Raw_Data!T13 -> 45056.668 | D13: 8 | E13: 6 | F13: green | G13: 1 | H13: 907 | I13: us | J13: 111 | K13: 3.631 | L13: 17 | M13: =Raw_Data!X13 -> mww | N13: 210.097 | O13: -15.6002 | P13: -174.608 | Q13: Hihifo, Tonga | T13: =IF(ISNUMBER(C13),"Valid","Invalid") -> Valid | U13: =COUNTIFS($A$2:$A$1001,A13,$B$2:$B$1001,B13,$C$2:$C$1001,C13) -> 1 | V13: =IF(U13>1,"Duplicate","Unique") -> Unique | W13: =IF(F13="","Unknown",F13) -> green | X13: =IF(Q13="","Unknown",Q13) -> Hihifo, Tonga | Y13: =IF(R13="","Unknown",R13) -> Unknown | Z13: =IF(S13="","Unknown",S13) -> Unknown | AA13: =LOWER(TRIM(M13)) -> mww
A14: M 6.6 - south of the Fiji Islands | B14: 6.6 | C14: =Raw_Data!T14 -> 45044.134 | D14: 0 | E14: 2 | F14: green | G14: 0 | H14: 670 | I14: us | J14: 52 | K14: 5.123 | L14: 50 | M14: =Raw_Data!X14 -> mww | N14: 598.467 | O14: -25.2657 | P14: 178.424 | Q14: the Fiji Islands | T14: =IF(ISNUMBER(C14),"Valid","Invalid") -> Valid | U14: =COUNTIFS($A$2:$A$1001,A14,$B$2:$B$1001,B14,$C$2:$C$1001,C14) -> 1 | V14: =IF(U14>1,"Duplicate","Unique") -> Unique | W14: =IF(F14="","Unknown",F14) -> green | X14: =IF(Q14="","Unknown",Q14) -> the Fiji Islands | Y14: =IF(R14="","Unknown",R14) -> Unknown | Z14: =IF(S14="","Unknown",S14) -> Unknown | AA14: =LOWER(TRIM(M14)) -> mww
A15: M 7.1 - 170 km SSE of Teluk Dalam, Indonesia | B15: 7.1 | C15: =Raw_Data!T15 -> 45040.833 | D15: 9 | E15: 7 | F15: green | G15: 0 | H15: 838 | I15: us | J15: 70 | K15: 2.282 | L15: 58 | M15: =Raw_Data!X15 -> mww | N15: 15.462 | O15: -0.781 | P15: 98.5339 | Q15: Teluk Dalam, Indonesia | S15: Indonesia | T15: =IF(ISNUMBER(C15),"Valid","Invalid") -> Valid | U15: =COUNTIFS($A$2:$A$1001,A15,$B$2:$B$1001,B15,$C$2:$C$1001,C15) -> 1 | V15: =IF(U15>1,"Duplicate","Unique") -> Unique | W15: =IF(F15="","Unknown",F15) -> green | X15: =IF(Q15="","Unknown",Q15) -> Teluk Dalam, Indonesia | Y15: =IF(R15="","Unknown",R15) -> Unknown | Z15: =IF(S15="","Unknown",S15) -> Indonesia | AA15: =LOWER(TRIM(M15)) -> mww
A16: M 7.1 - Kermadec Islands, New Zealand | B16: 7.1 | C16: =Raw_Data!T16 -> 45040.028 | D16: 8 | E16: 7 | F16: green | G16: 1 | H16: 777 | I16: us | J16: 126 | K16: 0.708 | L16: 23 | M16: =Raw_Data!X16 -> mww | N16: 43.063 | O16: -30.0249 | P16: -177.897 | Q16: Kermadec Islands, New Zealand | T16: =IF(ISNUMBER(C16),"Valid","Invalid") -> Valid | U16: =COUNTIFS($A$2:$A$1001,A16,$B$2:$B$1001,B16,$C$2:$C$1001,C16) -> 1 | V16: =IF(U16>1,"Duplicate","Unique") -> Unique | W16: =IF(F16="","Unknown",F16) -> green | X16: =IF(Q16="","Unknown",Q16) -> Kermadec Islands, New Zealand | Y16: =IF(R16="","Unknown",R16) -> Unknown | Z16: =IF(S16="","Unknown",S16) -> Unknown | AA16: =LOWER(TRIM(M16)) -> mww
A17: M 6.7 - south of the Fiji Islands | B17: 6.7 | C17: =Raw_Data!T17 -> 45034.188 | D17: 0 | E17: 3 | F17: green | G17: 1 | H17: 691 | I17: us | J17: 166 | K17: 4.719 | L17: 10 | M17: =Raw_Data!X17 -> mww | N17: 595.854 | O17: -22.2844 | P17: 179.391 | Q17: the Fiji Islands | T17: =IF(ISNUMBER(C17),"Valid","Invalid") -> Valid | U17: =COUNTIFS($A$2:$A$1001,A17,$B$2:$B$1001,B17,$C$2:$C$1001,C17) -> 1 | V17: =IF(U17>1,"Duplicate","Unique") -> Unique | W17: =IF(F17="","Unknown",F17) -> green | X17: =IF(Q17="","Unknown",Q17) -> the Fiji Islands | Y17: =IF(R17="","Unknown",R17) -> Unknown | Z17: =IF(S17="","Unknown",S17) -> Unknown | AA17: =LOWER(TRIM(M17)) -> mww
A18: M 7.0 - 96 km N of Tuban, Indonesia | B18: 7 | C18: =Raw_Data!T18 -> 45030.413 | D18: 5 | E18: 3 | F18: green | G18: 0 | H18: 818 | I18: us | J18: 131 | K18: 1.881 | L18: 31 | M18: =Raw_Data!X18 -> mww | N18: 594.028 | O18: -6.0255 | P18: 112.033 | Q18: Tuban, Indonesia | S18: Indonesia | T18: =IF(ISNUMBER(C18),"Valid","Invalid") -> Valid | U18: =COUNTIFS($A$2:$A$1001,A18,$B$2:$B$1001,B18,$C$2:$C$1001,C18) -> 1 | V18: =IF(U18>1,"Duplicate","Unique") -> Unique | W18: =IF(F18="","Unknown",F18) -> green | X18: =IF(Q18="","Unknown",Q18) -> Tuban, Indonesia | Y18: =IF(R18="","Unknown",R18) -> Unknown | Z18: =IF(S18="","Unknown",S18) -> Indonesia | AA18: =LOWER(TRIM(M18)) -> mww
A19: M 6.5 - near the east coast of the Kamchatka Peninsula, Russia | B19: 6.5 | C19: =Raw_Data!T19 -> 45019.129 | D19: 7 | E19: 6 | F19: yellow | G19: 1 | H19: 655 | I19: us | J19: 104 | K19: 0.266 | L19: 30 | M19: =Raw_Data!X19 -> mww | N19: 105.631 | O19: 52.7772 | P19: 158.484 | Q19: the Kamchatka Peninsula, Russia | R19: Asia | S19: Russian Federation (the) | T19: =IF(ISNUMBER(C19),"Valid","Invalid") -> Valid | U19: =COUNTIFS($A$2:$A$1001,A19,$B$2:$B$1001,B19,$C$2:$C$1001,C19) -> 1 | V19: =IF(U19>1,"Duplicate","Unique") -> Unique | W19: =IF(F19="","Unknown",F19) -> yellow | X19: =IF(Q19="","Unknown",Q19) -> the Kamchatka Peninsula, Russia | Y19: =IF(R19="","Unknown",R19) -> Asia | Z19: =IF(S19="","Unknown",S19) -> Russian Federation (the) | AA19: =LOWER(TRIM(M19)) -> mww
A20: M 7.0 - New Guinea, Papua New Guinea | B20: 7 | C20: =Raw_Data!T20 -> 45018.753 | D20: 7 | E20: 7 | F20: green | G20: 1 | H20: 781 | I20: us | J20: 105 | K20: 6.45 | L20: 31 | M20: =Raw_Data!X20 -> mww | N20: 62.603 | O20: -4.2924 | P20: 143.155 | Q20: New Guinea, Papua New Guinea | R20: Asia | S20: Papua New Guinea | T20: =IF(ISNUMBER(C20),"Valid","Invalid") -> Valid | U20: =COUNTIFS($A$2:$A$1001,A20,$B$2:$B$1001,B20,$C$2:$C$1001,C20) -> 1 | V20: =IF(U20>1,"Duplicate","Unique") -> Unique | W20: =IF(F20="","Unknown",F20) -> green | X20: =IF(Q20="","Unknown",Q20) -> New Guinea, Papua New Guinea | Y20: =IF(R20="","Unknown",R20) -> Asia | Z20: =IF(S20="","Unknown",S20) -> Papua New Guinea | AA20: =LOWER(TRIM(M20)) -> mww
A21: M 6.5 - 84 km NNW of San Antonio de los Cobres, Argentina | B21: 6.5 | C21: =Raw_Data!T21 -> 45007.667 | D21: 4 | E21: 4 | F21: green | G21: 0 | H21: 656 | I21: us | J21: 97 | K21: 1.622 | L21: 33 | M21: =Raw_Data!X21 -> mww | N21: 209.976 | O21: -23.4797 | P21: -66.5108 | Q21: San Antonio de los Cobres, Argentina | R21: South America | S21: Argentina | T21: =IF(ISNUMBER(C21),"Valid","Invalid") -> Valid | U21: =COUNTIFS($A$2:$A$1001,A21,$B$2:$B$1001,B21,$C$2:$C$1001,C21) -> 1 | V21: =IF(U21>1,"Duplicate","Unique") -> Unique | W21: =IF(F21="","Unknown",F21) -> green | X21: =IF(Q21="","Unknown",Q21) -> San Antonio de los Cobres, Argentina | Y21: =IF(R21="","Unknown",R21) -> South America | Z21: =IF(S21="","Unknown",S21) -> Argentina | AA21: =LOWER(TRIM(M21)) -> mww
A22: M 6.5 - 40 km SSE of Jurm, Afghanistan | B22: 6.5 | C22: =Raw_Data!T22 -> 45006.699 | D22: 7 | E22: 5 | F22: green | G22: 0 | H22: 1350 | I22: us | J22: 134 | K22: 2.53 | L22: 13 | M22: =Raw_Data!X22 -> mww | N22: 187.589 | O22: 36.5227 | P22: 70.9787 | Q22: Jurm, Afghanistan | R22: Asia | S22: Afghanistan | T22: =IF(ISNUMBER(C22),"Valid","Invalid") -> Valid | U22: =COUNTIFS($A$2:$A$1001,A22,$B$2:$B$1001,B22,$C$2:$C$1001,C22) -> 1 | V22: =IF(U22>1,"Duplicate","Unique") -> Unique | W22: =IF(F22="","Unknown",F22) -> green | X22: =IF(Q22="","Unknown",Q22) -> Jurm, Afghanistan | Y22: =IF(R22="","Unknown",R22) -> Asia | Z22: =IF(S22="","Unknown",S22) -> Afghanistan | AA22: =LOWER(TRIM(M22)) -> mww
A23: M 6.8 - near the coast of Ecuador | B23: 6.8 | C23: =Raw_Data!T23 -> 45003.717 | D23: 9 | E23: 7 | F23: orange | G23: 1 | H23: 1159 | I23: us | J23: 152 | K23: 0.709 | L23: 28 | M23: =Raw_Data!X23 -> mww | N23: 65.842 | O23: -2.851 | P23: -79.8001 | Q23: Ecuador | R23: South America | S23: Ecuador | T23: =IF(ISNUMBER(C23),"Valid","Invalid") -> Valid | U23: =COUNTIFS($A$2:$A$1001,A23,$B$2:$B$1001,B23,$C$2:$C$1001,C23) -> 1 | V23: =IF(U23>1,"Duplicate","Unique") -> Unique | W23: =IF(F23="","Unknown",F23) -> orange | X23: =IF(Q23="","Unknown",Q23) -> Ecuador | Y23: =IF(R23="","Unknown",R23) -> South America | Z23: =IF(S23="","Unknown",S23) -> Ecuador | AA23: =LOWER(TRIM(M23)) -> mww
A24: M 7.0 - Kermadec Islands region | B24: 7 | C24: =Raw_Data!T24 -> 45001.039 | D24: 8 | E24: 5 | F24: green | G24: 1 | H24: 756 | I24: us | J24: 116 | K24: 1.789 | L24: 22 | M24: =Raw_Data!X24 -> mww | N24: 22.065 | O24: -30.1147 | P24: -176.112 | Q24: Kermadec Islands region | T24: =IF(ISNUMBER(C24),"Valid","Invalid") -> Valid | U24: =COUNTIFS($A$2:$A$1001,A24,$B$2:$B$1001,B24,$C$2:$C$1001,C24) -> 1 | V24: =IF(U24>1,"Duplicate","Unique") -> Unique | W24: =IF(F24="","Unknown",F24) -> green | X24: =IF(Q24="","Unknown",Q24) -> Kermadec Islands region | Y24: =IF(R24="","Unknown",R24) -> Unknown | Z24: =IF(S24="","Unknown",S24) -> Unknown | AA24: =LOWER(TRIM(M24)) -> mww
A25: M 6.9 - Kermadec Islands, New Zealand | B25: 6.9 | C25: =Raw_Data!T25 -> 44989.278 | D25: 5 | E25: 5 | F25: green | G25: 1 | H25: 735 | I25: us | J25: 108 | K25: 0.784 | L25: 18 | M25: =Raw_Data!X25 -> mww | N25: 205.681 | O25: -29.4748 | P25: -178.787 | Q25: Kermadec Islands, New Zealand | T25: =IF(ISNUMBER(C25),"Valid","Invalid") -> Valid | U25: =COUNTIFS($A$2:$A$1001,A25,$B$2:$B$1001,B25,$C$2:$C$1001,C25) -> 1 | V25: =IF(U25>1,"Duplicate","Unique") -> Unique | W25: =IF(F25="","Unknown",F25) -> green | X25: =IF(Q25="","Unknown",Q25) -> Kermadec Islands, New Zealand | Y25: =IF(R25="","Unknown",R25) -> Unknown | Z25: =IF(S25="","Unknown",S25) -> Unknown | AA25: =LOWER(TRIM(M25)) -> mww
A26: M 6.5 - 86 km WSW of Port-Olry, Vanuatu | B26: 6.5 | C26: =Raw_Data!T26 -> 44987.753 | D26: 7 | E26: 6 | F26: green | G26: 1 | H26: 653 | I26: us | J26: 66 | K26: 5.483 | L26: 45 | M26: =Raw_Data!X26 -> mww | N26: 10 | O26: -15.3597 | P26: 166.385 | Q26: Port-Olry, Vanuatu | T26: =IF(ISNUMBER(C26),"Valid","Invalid") -> Valid | U26: =COUNTIFS($A$2:$A$1001,A26,$B$2:$B$1001,B26,$C$2:$C$1001,C26) -> 1 | V26: =IF(U26>1,"Duplicate","Unique") -> Unique | W26: =IF(F26="","Unknown",F26) -> green | X26: =IF(Q26="","Unknown",Q26) -> Port-Olry, Vanuatu | Y26: =IF(R26="","Unknown",R26) -> Unknown | Z26: =IF(S26="","Unknown",S26) -> Unknown | AA26: =LOWER(TRIM(M26)) -> mww
A27: M 6.5 - 108 km NW of Kimbe, Papua New Guinea | B27: 6.5 | C27: =Raw_Data!T27 -> 44986.233 | D27: 4 | E27: 2 | F27: green | G27: 1 | H27: 652 | I27: us | J27: 115 | K27: 2.739 | L27: 20 | M27: =Raw_Data!X27 -> mww | N27: 598.925 | O27: -4.8138 | P27: 149.487 | Q27: Kimbe, Papua New Guinea | S27: Papua New Guinea | T27: =IF(ISNUMBER(C27),"Valid","Invalid") -> Valid | U27: =COUNTIFS($A$2:$A$1001,A27,$B$2:$B$1001,B27,$C$2:$C$1001,C27) -> 1 | V27: =IF(U27>1,"Duplicate","Unique") -> Unique | W27: =IF(F27="","Unknown",F27) -> green | X27: =IF(Q27="","Unknown",Q27) -> Kimbe, Papua New Guinea | Y27: =IF(R27="","Unknown",R27) -> Unknown | Z27: =IF(S27="","Unknown",S27) -> Papua New Guinea | AA27: =LOWER(TRIM(M27)) -> mww
A28: M 6.8 - 67 km W of Murghob, Tajikistan | B28: 6.8 | C28: =Raw_Data!T28 -> 44980.026 | D28: 9 | E28: 7 | F28: green | G28: 0 | H28: 737 | I28: us | J28: 128 | K28: 1.783 | L28: 20 | M28: =Raw_Data!X28 -> mww | N28: 20.522 | O28: 38.0726 | P28: 73.2077 | Q28: Murghob, Tajikistan | R28: Asia | S28: Tajikistan | T28: =IF(ISNUMBER(C28),"Valid","Invalid") -> Valid | U28: =COUNTIFS($A$2:$A$1001,A28,$B$2:$B$1001,B28,$C$2:$C$1001,C28) -> 1 | V28: =IF(U28>1,"Duplicate","Unique") -> Unique | W28: =IF(F28="","Unknown",F28) -> green | X28: =IF(Q28="","Unknown",Q28) -> Murghob, Tajikistan | Y28: =IF(R28="","Unknown",R28) -> Asia | Z28: =IF(S28="","Unknown",S28) -> Tajikistan | AA28: =LOWER(TRIM(M28)) -> mww
A29: M 7.5 - 4 km SSE of Ekinözü, Turkey | B29: 7.5 | C29: =Raw_Data!T29 -> 44963.433 | D29: 9 | E29: 9 | F29: orange | G29: 0 | H29: 1411 | I29: us | J29: 135 | K29: 0.85 | L29: 17 | M29: =Raw_Data!X29 -> mww | N29: 10 | O29: 38.0235 | P29: 37.203 | Q29: Ekinözü, Turkey | R29: Asia | S29: Turkiye | T29: =IF(ISNUMBER(C29),"Valid","Invalid") -> Valid | U29: =COUNTIFS($A$2:$A$1001,A29,$B$2:$B$1001,B29,$C$2:$C$1001,C29) -> 1 | V29: =IF(U29>1,"Duplicate","Unique") -> Unique | W29: =IF(F29="","Unknown",F29) -> orange | X29: =IF(Q29="","Unknown",Q29) -> Ekinözü, Turkey | Y29: =IF(R29="","Unknown",R29) -> Asia | Z29: =IF(S29="","Unknown",S29) -> Turkiye | AA29: =LOWER(TRIM(M29)) -> mww
A30: M 6.7 - 18 km ESE of Nurdağı, Turkey | B30: 6.7 | C30: =Raw_Data!T30 -> 44963.061 | D30: 9 | E30: 8 | F30: yellow | G30: 0 | H30: 800 | I30: us | J30: 108 | K30: 0.218 | L30: 44 | M30: =Raw_Data!X30 -> mww | N30: 14.497 | O30: 37.4135 | P30: 36.8306 | Q30: Nurdağı, Turkey | R30: Asia | S30: Turkiye | T30: =IF(ISNUMBER(C30),"Valid","Invalid") -> Valid | U30: =COUNTIFS($A$2:$A$1001,A30,$B$2:$B$1001,B30,$C$2:$C$1001,C30) -> 1 | V30: =IF(U30>1,"Duplicate","Unique") -> Unique | W30: =IF(F30="","Unknown",F30) -> yellow | X30: =IF(Q30="","Unknown",Q30) -> Nurdağı, Turkey | Y30: =IF(R30="","Unknown",R30) -> Asia | Z30: =IF(S30="","Unknown",S30) -> Turkiye | AA30: =LOWER(TRIM(M30)) -> mww
A31: M 7.8 - Central Turkey | B31: 7.8 | C31: =Raw_Data!T31 -> 44963.053 | D31: 9 | E31: 9 | F31: red | G31: 0 | H31: 2910 | I31: us | J31: 118 | K31: 1.919 | L31: 32 | M31: =Raw_Data!X31 -> mww | N31: 17.925 | O31: 37.2012 | P31: 36.9997 | Q31: Central Turkey | R31: Asia | S31: Turkiye | T31: =IF(ISNUMBER(C31),"Valid","Invalid") -> Valid | U31: =COUNTIFS($A$2:$A$1001,A31,$B$2:$B$1001,B31,$C$2:$C$1001,C31) -> 1 | V31: =IF(U31>1,"Duplicate","Unique") -> Unique | W31: =IF(F31="","Unknown",F31) -> red | X31: =IF(Q31="","Unknown",Q31) -> Central Turkey | Y31: =IF(R31="","Unknown",R31) -> Asia | Z31: =IF(S31="","Unknown",S31) -> Turkiye | AA31: =LOWER(TRIM(M31)) -> mww
A32: M 6.8 - | B32: 6.8 | C32: =Raw_Data!T32 -> 44946.923 | D32: 4 | E32: 3 | F32: green | G32: 0 | H32: 718 | I32: us | J32: 60 | K32: 5.129 | L32: 61 | M32: =Raw_Data!X32 -> mww | N32: 610.671 | O32: -26.7209 | P32: -63.0394 | R32: South America | S32: Argentina | T32: =IF(ISNUMBER(C32),"Valid","Invalid") -> Valid | U32: =COUNTIFS($A$2:$A$1001,A32,$B$2:$B$1001,B32,$C$2:$C$1001,C32) -> 1 | V32: =IF(U32>1,"Duplicate","Unique") -> Unique | W32: =IF(F32="","Unknown",F32) -> green | X32: =IF(Q32="","Unknown",Q32) -> Unknown | Y32: =IF(R32="","Unknown",R32) -> South America | Z32: =IF(S32="","Unknown",S32) -> Argentina | AA32: =LOWER(TRIM(M32)) -> mww
A33: M 7.0 - 153 km NW of Tobelo, Indonesia | B33: 7 | C33: =Raw_Data!T33 -> 44944.254 | D33: 3 | E33: 5 | F33: green | G33: 1 | H33: 756 | I33: us | J33: 130 | K33: 1.974 | L33: 17 | M33: =Raw_Data!X33 -> mwc | N33: 28.566 | O33: 2.7401 | P33: 127.051 | Q33: Tobelo, Indonesia | S33: Indonesia | T33: =IF(ISNUMBER(C33),"Valid","Invalid") -> Valid | U33: =COUNTIFS($A$2:$A$1001,A33,$B$2:$B$1001,B33,$C$2:$C$1001,C33) -> 1 | V33: =IF(U33>1,"Duplicate","Unique") -> Unique | W33: =IF(F33="","Unknown",F33) -> green | X33: =IF(Q33="","Unknown",Q33) -> Tobelo, Indonesia | Y33: =IF(R33="","Unknown",R33) -> Unknown | Z33: =IF(S33="","Unknown",S33) -> Indonesia | AA33: =LOWER(TRIM(M33)) -> mwc
A34: M 7.6 - Pulau Pulau Tanimbar, Indonesia | B34: 7.6 | C34: =Raw_Data!T34 -> 44935.741 | D34: 5 | E34: 7 | F34: green | G34: 0 | H34: 957 | I34: us | J34: 114 | K34: 1.575 | L34: 21 | M34: =Raw_Data!X34 -> mww | N34: 105.249 | O34: -7.0852 | P34: 130.039 | Q34: Pulau Pulau Tanimbar, Indonesia | S34: Indonesia | T34: =IF(ISNUMBER(C34),"Valid","Invalid") -> Valid | U34: =COUNTIFS($A$2:$A$1001,A34,$B$2:$B$1001,B34,$C$2:$C$1001,C34) -> 1 | V34: =IF(U34>1,"Duplicate","Unique") -> Unique | W34: =IF(F34="","Unknown",F34) -> green | X34: =IF(Q34="","Unknown",Q34) -> Pulau Pulau Tanimbar, Indonesia | Y34: =IF(R34="","Unknown",R34) -> Unknown | Z34: =IF(S34="","Unknown",S34) -> Indonesia | AA34: =LOWER(TRIM(M34)) -> mww
A35: M 7.0 - Vanuatu | B35: 7 | C35: =Raw_Data!T35 -> 44934.522 | D35: 8 | E35: 7 | F35: green | G35: 1 | H35: 768 | I35: us | J35: 116 | K35: 6.096 | L35: 36 | M35: =Raw_Data!X35 -> mww | N35: 29 | O35: -14.9383 | P35: 166.878 | Q35: Vanuatu | S35: Vanuatu | T35: =IF(ISNUMBER(C35),"Valid","Invalid") -> Valid | U35: =COUNTIFS($A$2:$A$1001,A35,$B$2:$B$1001,B35,$C$2:$C$1001,C35) -> 1 | V35: =IF(U35>1,"Duplicate","Unique") -> Unique | W35: =IF(F35="","Unknown",F35) -> green | X35: =IF(Q35="","Unknown",Q35) -> Vanuatu | Y35: =IF(R35="","Unknown",R35) -> Unknown | Z35: =IF(S35="","Unknown",S35) -> Vanuatu | AA35: =LOWER(TRIM(M35)) -> mww
A36: M 6.8 - 109 km NE of Hihifo, Tonga | B36: 6.8 | C36: =Raw_Data!T36 -> 44899.808 | D36: 5 | E36: 5 | F36: green | G36: 1 | H36: 720 | I36: us | J36: 152 | K36: 2.587 | L36: 26 | M36: =Raw_Data!X36 -> mww | N36: 38 | O36: -15.3983 | P36: -172.968 | Q36: Hihifo, Tonga | T36: =IF(ISNUMBER(C36),"Valid","Invalid") -> Valid | U36: =COUNTIFS($A$2:$A$1001,A36,$B$2:$B$1001,B36,$C$2:$C$1001,C36) -> 1 | V36: =IF(U36>1,"Duplicate","Unique") -> Unique | W36: =IF(F36="","Unknown",F36) -> green | X36: =IF(Q36="","Unknown",Q36) -> Hihifo, Tonga | Y36: =IF(R36="","Unknown",R36) -> Unknown | Z36: =IF(S36="","Unknown",S36) -> Unknown | AA36: =LOWER(TRIM(M36)) -> mww
A37: M 7.0 - 18 km SW of Malango, Solomon Islands | B37: 7 | C37: =Raw_Data!T37 -> 44887.085 | D37: 8 | E37: 7 | F37: green | G37: 1 | H37: 768 | I37: us | J37: 117 | K37: 0.509 | L37: 17 | M37: =Raw_Data!X37 -> mww | N37: 14 | O37: -9.7963 | P37: 159.596 | Q37: Malango, Solomon Islands | R37: Oceania | S37: Solomon Islands | T37: =IF(ISNUMBER(C37),"Valid","Invalid") -> Valid | U37: =COUNTIFS($A$2:$A$1001,A37,$B$2:$B$1001,B37,$C$2:$C$1001,C37) -> 1 | V37: =IF(U37>1,"Duplicate","Unique") -> Unique | W37: =IF(F37="","Unknown",F37) -> green | X37: =IF(Q37="","Unknown",Q37) -> Malango, Solomon Islands | Y37: =IF(R37="","Unknown",R37) -> Oceania | Z37: =IF(S37="","Unknown",S37) -> Solomon Islands | AA37: =LOWER(TRIM(M37)) -> mww
A38: M 6.9 - 204 km SW of Bengkulu, Indonesia | B38: 6.9 | C38: =Raw_Data!T38 -> 44883.567 | D38: 4 | E38: 4 | F38: green | G38: 0 | H38: 735 | I38: us | J38: 99 | K38: 2.229 | L38: 34 | M38: =Raw_Data!X38 -> mww | N38: 25 | O38: -4.9559 | P38: 100.738 | Q38: Bengkulu, Indonesia | T38: =IF(ISNUMBER(C38),"Valid","Invalid") -> Valid | U38: =COUNTIFS($A$2:$A$1001,A38,$B$2:$B$1001,B38,$C$2:$C$1001,C38) -> 1 | V38: =IF(U38>1,"Duplicate","Unique") -> Unique | W38: =IF(F38="","Unknown",F38) -> green | X38: =IF(Q38="","Unknown",Q38) -> Bengkulu, Indonesia | Y38: =IF(R38="","Unknown",R38) -> Unknown | Z38: =IF(S38="","Unknown",S38) -> Unknown | AA38: =LOWER(TRIM(M38)) -> mww
A39: M 7.0 - | B39: 7 | C39: =Raw_Data!T39 -> 44877.298 | D39: 3 | E39: 3 | F39: green | G39: 1 | H39: 755 | I39: us | J39: 147 | K39: 3.125 | L39: 18 | M39: =Raw_Data!X39 -> mww | N39: 579 | O39: -20.0508 | P39: -178.346 | R39: Oceania | S39: Fiji | T39: =IF(ISNUMBER(C39),"Valid","Invalid") -> Valid | U39: =COUNTIFS($A$2:$A$1001,A39,$B$2:$B$1001,B39,$C$2:$C$1001,C39) -> 1 | V39: =IF(U39>1,"Duplicate","Unique") -> Unique | W39: =IF(F39="","Unknown",F39) -> green | X39: =IF(Q39="","Unknown",Q39) -> Unknown | Y39: =IF(R39="","Unknown",R39) -> Oceania | Z39: =IF(S39="","Unknown",S39) -> Fiji | AA39: =LOWER(TRIM(M39)) -> mww
A40: M 7.3 - 205 km ESE of Neiafu, Tonga | B40: 7.3 | C40: =Raw_Data!T40 -> 44876.45 | D40: 5 | E40: 5 | F40: green | G40: 1 | H40: 833 | I40: us | J40: 149 | K40: 1.865 | L40: 21 | M40: =Raw_Data!X40 -> mww | N40: 37 | O40: -19.2918 | P40: -172.129 | Q40: Neiafu, Tonga | T40: =IF(ISNUMBER(C40),"Valid","Invalid") -> Valid | U40: =COUNTIFS($A$2:$A$1001,A40,$B$2:$B$1001,B40,$C$2:$C$1001,C40) -> 1 | V40: =IF(U40>1,"Duplicate","Unique") -> Unique | W40: =IF(F40="","Unknown",F40) -> green | X40: =IF(Q40="","Unknown",Q40) -> Neiafu, Tonga | Y40: =IF(R40="","Unknown",R40) -> Unknown | Z40: =IF(S40="","Unknown",S40) -> Unknown | AA40: =LOWER(TRIM(M40)) -> mww
A41: M 6.6 - | B41: 6.6 | C41: =Raw_Data!T41 -> 44874.426 | D41: 0 | E41: 2 | F41: green | G41: 1 | H41: 670 | I41: us | J41: 131 | K41: 4.998 | L41: 27 | M41: =Raw_Data!X41 -> mww | N41: 624.464 | O41: -25.5948 | P41: 178.278 | T41: =IF(ISNUMBER(C41),"Valid","Invalid") -> Valid | U41: =COUNTIFS($A$2:$A$1001,A41,$B$2:$B$1001,B41,$C$2:$C$1001,C41) -> 1 | V41: =IF(U41>1,"Duplicate","Unique") -> Unique | W41: =IF(F41="","Unknown",F41) -> green | X41: =IF(Q41="","Unknown",Q41) -> Unknown | Y41: =IF(R41="","Unknown",R41) -> Unknown | Z41: =IF(S41="","Unknown",S41) -> Unknown | AA41: =LOWER(TRIM(M41)) -> mww
A42: M 7.0 - south of the Fiji Islands | B42: 7 | C42: =Raw_Data!T42 -> 44874.41 | D42: 4 | E42: 3 | F42: green | G42: 1 | H42: 755 | I42: us | J42: 142 | K42: 4.578 | L42: 26 | M42: =Raw_Data!X42 -> mwb | N42: 660 | O42: -26.0442 | P42: 178.381 | Q42: the Fiji Islands | T42: =IF(ISNUMBER(C42),"Valid","Invalid") -> Valid | U42: =COUNTIFS($A$2:$A$1001,A42,$B$2:$B$1001,B42,$C$2:$C$1001,C42) -> 1 | V42: =IF(U42>1,"Duplicate","Unique") -> Unique | W42: =IF(F42="","Unknown",F42) -> green | X42: =IF(Q42="","Unknown",Q42) -> the Fiji Islands | Y42: =IF(R42="","Unknown",R42) -> Unknown | Z42: =IF(S42="","Unknown",S42) -> Unknown | AA42: =LOWER(TRIM(M42)) -> mwb
A43: M 6.8 - south of the Fiji Islands | B43: 6.8 | C43: =Raw_Data!T43 -> 44874.401 | D43: 1 | E43: 3 | F43: green | G43: 1 | H43: 711 | I43: us | J43: 136 | K43: 4.678 | L43: 22 | M43: =Raw_Data!X43 -> mww | N43: 630.379 | O43: -25.9678 | P43: 178.363 | Q43: the Fiji Islands | T43: =IF(ISNUMBER(C43),"Valid","Invalid") -> Valid | U43: =COUNTIFS($A$2:$A$1001,A43,$B$2:$B$1001,B43,$C$2:$C$1001,C43) -> 1 | V43: =IF(U43>1,"Duplicate","Unique") -> Unique | W43: =IF(F43="","Unknown",F43) -> green | X43: =IF(Q43="","Unknown",Q43) -> the Fiji Islands | Y43: =IF(R43="","Unknown",R43) -> Unknown | Z43: =IF(S43="","Unknown",S43) -> Unknown | AA43: =LOWER(TRIM(M43)) -> mww
A44: M 6.7 - 60 km SSW of Boca Chica, Panama | B44: 6.7 | C44: =Raw_Data!T44 -> 44854.498 | D44: 7 | E44: 6 | F44: green | G44: 1 | H44: 797 | I44: us | J44: 145 | K44: 1.151 | L44: 37 | M44: =Raw_Data!X44 -> mww | N44: 20 | O44: 7.6712 | P44: -82.3396 | Q44: Boca Chica, Panama | S44: Panama | T44: =IF(ISNUMBER(C44),"Valid","Invalid") -> Valid | U44: =COUNTIFS($A$2:$A$1001,A44,$B$2:$B$1001,B44,$C$2:$C$1001,C44) -> 1 | V44: =IF(U44>1,"Duplicate","Unique") -> Unique | W44: =IF(F44="","Unknown",F44) -> green | X44: =IF(Q44="","Unknown",Q44) -> Boca Chica, Panama | Y44: =IF(R44="","Unknown",R44) -> Unknown | Z44: =IF(S44="","Unknown",S44) -> Panama | AA44: =LOWER(TRIM(M44)) -> mww
A45: M 6.8 - 55 km SSW of Aguililla, Mexico | B45: 6.8 | C45: =Raw_Data!T45 -> 44826.261 | D45: 8 | E45: 7 | F45: yellow | G45: 1 | H45: 1179 | I45: us | J45: 175 | K45: 2.137 | L45: 92 | M45: =Raw_Data!X45 -> mww | N45: 20 | O45: 18.33 | P45: -102.913 | Q45: Aguililla, Mexico | R45: North America | S45: Mexico | T45: =IF(ISNUMBER(C45),"Valid","Invalid") -> Valid | U45: =COUNTIFS($A$2:$A$1001,A45,$B$2:$B$1001,B45,$C$2:$C$1001,C45) -> 1 | V45: =IF(U45>1,"Duplicate","Unique") -> Unique | W45: =IF(F45="","Unknown",F45) -> yellow | X45: =IF(Q45="","Unknown",Q45) -> Aguililla, Mexico | Y45: =IF(R45="","Unknown",R45) -> North America | Z45: =IF(S45="","Unknown",S45) -> Mexico | AA45: =LOWER(TRIM(M45)) -> mww
A46: M 7.6 - 35 km SSW of Aguililla, Mexico | B46: 7.6 | C46: =Raw_Data!T46 -> 44823.753 | D46: 9 | E46: 8 | F46: yellow | G46: 1 | H46: 1799 | I46: us | J46: 271 | K46: 1.153 | L46: 69 | M46: =Raw_Data!X46 -> mww | N46: 26.943 | O46: 18.3667 | P46: -103.252 | Q46: Aguililla, Mexico | R46: North America | S46: Mexico | T46: =IF(ISNUMBER(C46),"Valid","Invalid") -> Valid | U46: =COUNTIFS($A$2:$A$1001,A46,$B$2:$B$1001,B46,$C$2:$C$1001,C46) -> 1 | V46: =IF(U46>1,"Duplicate","Unique") -> Unique | W46: =IF(F46="","Unknown",F46) -> yellow | X46: =IF(Q46="","Unknown",Q46) -> Aguililla, Mexico | Y46: =IF(R46="","Unknown",R46) -> North America | Z46: =IF(S46="","Unknown",S46) -> Mexico | AA46: =LOWER(TRIM(M46)) -> mww
A47: M 6.9 - 90 km E of Yujing, Taiwan | B47: 6.9 | C47: =Raw_Data!T47 -> 44822.281 | D47: 9 | E47: 9 | F47: yellow | G47: 1 | H47: 887 | I47: us | J47: 215 | K47: 0.401 | L47: 34 | M47: =Raw_Data!X47 -> mww | N47: 10 | O47: 23.1444 | P47: 121.307 | Q47: Yujing, Taiwan | R47: Asia | S47: Taiwan | T47: =IF(ISNUMBER(C47),"Valid","Invalid") -> Valid | U47: =COUNTIFS($A$2:$A$1001,A47,$B$2:$B$1001,B47,$C$2:$C$1001,C47) -> 1 | V47: =IF(U47>1,"Duplicate","Unique") -> Unique | W47: =IF(F47="","Unknown",F47) -> yellow | X47: =IF(Q47="","Unknown",Q47) -> Yujing, Taiwan | Y47: =IF(R47="","Unknown",R47) -> Asia | Z47: =IF(S47="","Unknown",S47) -> Taiwan | AA47: =LOWER(TRIM(M47)) -> mww
A48: M 6.5 - 96 km SE of Lugu, Taiwan | B48: 6.5 | C48: =Raw_Data!T48 -> 44821.57 | D48: 7 | E48: 7 | F48: green | G48: 1 | H48: 756 | I48: us | J48: 178 | K48: 0.43 | L48: 54 | M48: =Raw_Data!X48 -> mww | N48: 10 | O48: 23.029 | P48: 121.348 | Q48: Lugu, Taiwan | R48: Asia | S48: Taiwan | T48: =IF(ISNUMBER(C48),"Valid","Invalid") -> Valid | U48: =COUNTIFS($A$2:$A$1001,A48,$B$2:$B$1001,B48,$C$2:$C$1001,C48) -> 1 | V48: =IF(U48>1,"Duplicate","Unique") -> Unique | W48: =IF(F48="","Unknown",F48) -> green | X48: =IF(Q48="","Unknown",Q48) -> Lugu, Taiwan | Y48: =IF(R48="","Unknown",R48) -> Asia | Z48: =IF(S48="","Unknown",S48) -> Taiwan | AA48: =LOWER(TRIM(M48)) -> mww
A49: M 7.0 - 209 km SSE of Isangel, Vanuatu | B49: 7 | C49: =Raw_Data!T49 -> 44818.461 | D49: 7 | E49: 5 | F49: green | G49: 1 | H49: 761 | I49: us | J49: 192 | K49: 2.977 | L49: 45 | M49: =Raw_Data!X49 -> mww | N49: 137 | O49: -21.2077 | P49: 170.239 | Q49: Isangel, Vanuatu | T49: =IF(ISNUMBER(C49),"Valid","Invalid") -> Valid | U49: =COUNTIFS($A$2:$A$1001,A49,$B$2:$B$1001,B49,$C$2:$C$1001,C49) -> 1 | V49: =IF(U49>1,"Duplicate","Unique") -> Unique | W49: =IF(F49="","Unknown",F49) -> green | X49: =IF(Q49="","Unknown",Q49) -> Isangel, Vanuatu | Y49: =IF(R49="","Unknown",R49) -> Unknown | Z49: =IF(S49="","Unknown",S49) -> Unknown | AA49: =LOWER(TRIM(M49)) -> mww
A50: M 7.6 - 70 km E of Kainantu, Papua New Guinea | B50: 7.6 | C50: =Raw_Data!T50 -> 44814.991 | D50: 8 | E50: 8 | F50: yellow | G50: 1 | H50: 965 | I50: us | J50: 272 | K50: 3.158 | L50: 12 | M50: =Raw_Data!X50 -> mww | N50: 116 | O50: -6.2237 | P50: 146.471 | Q50: Kainantu, Papua New Guinea | R50: Oceania | S50: Papua New Guinea | T50: =IF(ISNUMBER(C50),"Valid","Invalid") -> Valid | U50: =COUNTIFS($A$2:$A$1001,A50,$B$2:$B$1001,B50,$C$2:$C$1001,C50) -> 1 | V50: =IF(U50>1,"Duplicate","Unique") -> Unique | W50: =IF(F50="","Unknown",F50) -> yellow | X50: =IF(Q50="","Unknown",Q50) -> Kainantu, Papua New Guinea | Y50: =IF(R50="","Unknown",R50) -> Oceania | Z50: =IF(S50="","Unknown",S50) -> Papua New Guinea | AA50: =LOWER(TRIM(M50)) -> mww
A51: M 6.6 - 44 km SE of Kangding, China | B51: 6.6 | C51: =Raw_Data!T51 -> 44809.203 | D51: 9 | E51: 8 | F51: orange | G51: 0 | H51: 1043 | I51: us | J51: 141 | K51: 8.454 | L51: 34 | M51: =Raw_Data!X51 -> mww | N51: 12 | O51: 29.7263 | P51: 102.279 | Q51: Kangding, China | R51: Asia | S51: People's Republic of China | T51: =IF(ISNUMBER(C51),"Valid","Invalid") -> Valid | U51: =COUNTIFS($A$2:$A$1001,A51,$B$2:$B$1001,B51,$C$2:$C$1001,C51) -> 1 | V51: =IF(U51>1,"Duplicate","Unique") -> Unique | W51: =IF(F51="","Unknown",F51) -> orange | X51: =IF(Q51="","Unknown",Q51) -> Kangding, China | Y51: =IF(R51="","Unknown",R51) -> Asia | Z51: =IF(S51="","Unknown",S51) -> People's Republic of China | AA51: =LOWER(TRIM(M51)) -> mww
A52: M 6.6 - south of the Kermadec Islands | B52: 6.6 | C52: =Raw_Data!T52 -> 44787.572 | D52: 7 | E52: 6 | F52: green | G52: 1 | H52: 672 | I52: us | J52: 68 | K52: 5.293 | L52: 34 | M52: =Raw_Data!X52 -> mww | N52: 30 | O52: -32.6922 | P52: -178.959 | Q52: the Kermadec Islands | T52: =IF(ISNUMBER(C52),"Valid","Invalid") -> Valid | U52: =COUNTIFS($A$2:$A$1001,A52,$B$2:$B$1001,B52,$C$2:$C$1001,C52) -> 1 | V52: =IF(U52>1,"Duplicate","Unique") -> Unique | W52: =IF(F52="","Unknown",F52) -> green | X52: =IF(Q52="","Unknown",Q52) -> the Kermadec Islands | Y52: =IF(R52="","Unknown",R52) -> Unknown | Z52: =IF(S52="","Unknown",S52) -> Unknown | AA52: =LOWER(TRIM(M52)) -> mww
A53: M 7.0 - 11 km NE of Bantay, Philippines | B53: 7 | C53: =Raw_Data!T53 -> 44769.03 | D53: 9 | E53: 8 | F53: yellow | G53: 1 | H53: 1351 | I53: us | J53: 152 | K53: 5.276 | L53: 22 | M53: =Raw_Data!X53 -> mww | N53: 33.729 | O53: 17.5978 | P53: 120.809 | Q53: Bantay, Philippines | R53: Asia | S53: Philippines | T53: =IF(ISNUMBER(C53),"Valid","Invalid") -> Valid | U53: =COUNTIFS($A$2:$A$1001,A53,$B$2:$B$1001,B53,$C$2:$C$1001,C53) -> 1 | V53: =IF(U53>1,"Duplicate","Unique") -> Unique | W53: =IF(F53="","Unknown",F53) -> yellow | X53: =IF(Q53="","Unknown",Q53) -> Bantay, Philippines | Y53: =IF(R53="","Unknown",R53) -> Asia | Z53: =IF(S53="","Unknown",S53) -> Philippines | AA53: =LOWER(TRIM(M53)) -> mww
A54: M 6.5 - 107 km SSW of Tarauacá, Brazil | B54: 6.5 | C54: =Raw_Data!T54 -> 44720.038 | D54: 3 | E54: 2 | F54: green | G54: 0 | H54: 653 | I54: us | J54: 236 | K54: 1.999 | L54: 31 | M54: =Raw_Data!X54 -> mww | N54: 622.73 | O54: -9.0618 | P54: -71.1647 | Q54: Tarauacá, Brazil | R54: South America | S54: Brazil | T54: =IF(ISNUMBER(C54),"Valid","Invalid") -> Valid | U54: =COUNTIFS($A$2:$A$1001,A54,$B$2:$B$1001,B54,$C$2:$C$1001,C54) -> 1 | V54: =IF(U54>1,"Duplicate","Unique") -> Unique | W54: =IF(F54="","Unknown",F54) -> green | X54: =IF(Q54="","Unknown",Q54) -> Tarauacá, Brazil | Y54: =IF(R54="","Unknown",R54) -> South America | Z54: =IF(S54="","Unknown",S54) -> Brazil | AA54: =LOWER(TRIM(M54)) -> mww
A55: M 7.2 - 10 km W of Azángaro, Peru | B55: 7.2 | C55: =Raw_Data!T55 -> 44707.501 | D55: 7 | E55: 5 | F55: green | G55: 1 | H55: 876 | I55: us | J55: 144 | K55: 2.494 | L55: 40 | M55: =Raw_Data!X55 -> mww | N55: 236 | O55: -14.8628 | P55: -70.3081 | Q55: Azángaro, Peru | R55: South America | S55: Peru | T55: =IF(ISNUMBER(C55),"Valid","Invalid") -> Valid | U55: =COUNTIFS($A$2:$A$1001,A55,$B$2:$B$1001,B55,$C$2:$C$1001,C55) -> 1 | V55: =IF(U55>1,"Duplicate","Unique") -> Unique | W55: =IF(F55="","Unknown",F55) -> green | X55: =IF(Q55="","Unknown",Q55) -> Azángaro, Peru | Y55: =IF(R55="","Unknown",R55) -> South America | Z55: =IF(S55="","Unknown",S55) -> Peru | AA55: =LOWER(TRIM(M55)) -> mww
A56: M 6.9 - | B56: 6.9 | C56: =Raw_Data!T56 -> 44700.426 | D56: 2 | E56: 5 | F56: green | G56: 1 | H56: 733 | I56: us | J56: 127 | K56: 0.371 | L56: 45 | M56: =Raw_Data!X56 -> mww | N56: 10 | O56: -54.1325 | P56: 159.027 | T56: =IF(ISNUMBER(C56),"Valid","Invalid") -> Valid | U56: =COUNTIFS($A$2:$A$1001,A56,$B$2:$B$1001,B56,$C$2:$C$1001,C56) -> 1 | V56: =IF(U56>1,"Duplicate","Unique") -> Unique | W56: =IF(F56="","Unknown",F56) -> green | X56: =IF(Q56="","Unknown",Q56) -> Unknown | Y56: =IF(R56="","Unknown",R56) -> Unknown | Z56: =IF(S56="","Unknown",S56) -> Unknown | AA56: =LOWER(TRIM(M56)) -> mww
A57: M 6.8 - 86 km NNW of San Antonio de los Cobres, Argentina | B57: 6.8 | C57: =Raw_Data!T57 -> 44691.963 | D57: 6 | E57: 5 | F57: green | G57: 1 | H57: 762 | I57: us | J57: 162 | K57: 1.505 | L57: 30 | M57: =Raw_Data!X57 -> mww | N57: 220 | O57: -23.6141 | P57: -66.7236 | Q57: San Antonio de los Cobres, Argentina | R57: South America | S57: Argentina | T57: =IF(ISNUMBER(C57),"Valid","Invalid") -> Valid | U57: =COUNTIFS($A$2:$A$1001,A57,$B$2:$B$1001,B57,$C$2:$C$1001,C57) -> 1 | V57: =IF(U57>1,"Duplicate","Unique") -> Unique | W57: =IF(F57="","Unknown",F57) -> green | X57: =IF(Q57="","Unknown",Q57) -> San Antonio de los Cobres, Argentina | Y57: =IF(R57="","Unknown",R57) -> South America | Z57: =IF(S57="","Unknown",S57) -> Argentina | AA57: =LOWER(TRIM(M57)) -> mww
A58: M 6.6 - 55 km WSW of Masachapa, Nicaragua | B58: 6.6 | C58: =Raw_Data!T58 -> 44672.321 | D58: 6 | E58: 5 | F58: green | G58: 1 | H58: 762 | I58: us | J58: 0 | K58: 0.914 | L58: 94 | M58: =Raw_Data!X58 -> mww | N58: 27 | O58: 11.5538 | P58: -86.9919 | Q58: Masachapa, Nicaragua | T58: =IF(ISNUMBER(C58),"Valid","Invalid") -> Valid | U58: =COUNTIFS($A$2:$A$1001,A58,$B$2:$B$1001,B58,$C$2:$C$1001,C58) -> 1 | V58: =IF(U58>1,"Duplicate","Unique") -> Unique | W58: =IF(F58="","Unknown",F58) -> green | X58: =IF(Q58="","Unknown",Q58) -> Masachapa, Nicaragua | Y58: =IF(R58="","Unknown",R58) -> Unknown | Z58: =IF(S58="","Unknown",S58) -> Unknown | AA58: =LOWER(TRIM(M58)) -> mww
A59: M 7.0 - southeast of the Loyalty Islands | B59: 7 | C59: =Raw_Data!T59 -> 44651.239 | D59: 6 | E59: 4 | F59: green | G59: 1 | H59: 763 | I59: us | J59: 0 | K59: 2.705 | L59: 26 | M59: =Raw_Data!X59 -> mww | N59: 10 | O59: -22.5732 | P59: 170.349 | Q59: the Loyalty Islands | T59: =IF(ISNUMBER(C59),"Valid","Invalid") -> Valid | U59: =COUNTIFS($A$2:$A$1001,A59,$B$2:$B$1001,B59,$C$2:$C$1001,C59) -> 1 | V59: =IF(U59>1,"Duplicate","Unique") -> Unique | W59: =IF(F59="","Unknown",F59) -> green | X59: =IF(Q59="","Unknown",Q59) -> the Loyalty Islands | Y59: =IF(R59="","Unknown",R59) -> Unknown | Z59: =IF(S59="","Unknown",S59) -> Unknown | AA59: =LOWER(TRIM(M59)) -> mww
A60: M 6.9 - 284 km ESE of Tadine, New Caledonia | B60: 6.9 | C60: =Raw_Data!T60 -> 44650.872 | D60: 6 | E60: 4 | F60: green | G60: 1 | H60: 738 | I60: us | J60: 0 | K60: 2.697 | L60: 42 | M60: =Raw_Data!X60 -> mww | N60: 10 | O60: -22.72 | P60: 170.277 | Q60: Tadine, New Caledonia | T60: =IF(ISNUMBER(C60),"Valid","Invalid") -> Valid | U60: =COUNTIFS($A$2:$A$1001,A60,$B$2:$B$1001,B60,$C$2:$C$1001,C60) -> 1 | V60: =IF(U60>1,"Duplicate","Unique") -> Unique | W60: =IF(F60="","Unknown",F60) -> green | X60: =IF(Q60="","Unknown",Q60) -> Tadine, New Caledonia | Y60: =IF(R60="","Unknown",R60) -> Unknown | Z60: =IF(S60="","Unknown",S60) -> Unknown | AA60: =LOWER(TRIM(M60)) -> mww
A61: M 6.7 - 65 km S of Hualien City, Taiwan | B61: 6.7 | C61: =Raw_Data!T61 -> 44642.737 | D61: 8 | E61: 7 | F61: green | G61: 1 | H61: 806 | I61: us | J61: 0 | K61: 0.289 | L61: 32 | M61: =Raw_Data!X61 -> mww | N61: 24 | O61: 23.3421 | P61: 121.636 | Q61: Hualien City, Taiwan | R61: Asia | S61: Taiwan | T61: =IF(ISNUMBER(C61),"Valid","Invalid") -> Valid | U61: =COUNTIFS($A$2:$A$1001,A61,$B$2:$B$1001,B61,$C$2:$C$1001,C61) -> 1 | V61: =IF(U61>1,"Duplicate","Unique") -> Unique | W61: =IF(F61="","Unknown",F61) -> green | X61: =IF(Q61="","Unknown",Q61) -> Hualien City, Taiwan | Y61: =IF(R61="","Unknown",R61) -> Asia | Z61: =IF(S61="","Unknown",S61) -> Taiwan | AA61: =LOWER(TRIM(M61)) -> mww
A62: M 7.3 - 57 km ENE of Namie, Japan | B62: 7.3 | C62: =Raw_Data!T62 -> 44636.608 | D62: 9 | E62: 8 | F62: red | G62: 1 | H62: 2397 | I62: us | J62: 0 | K62: 2.936 | L62: 29 | M62: =Raw_Data!X62 -> mww | N62: 41 | O62: 37.7015 | P62: 141.587 | Q62: Namie, Japan | T62: =IF(ISNUMBER(C62),"Valid","Invalid") -> Valid | U62: =COUNTIFS($A$2:$A$1001,A62,$B$2:$B$1001,B62,$C$2:$C$1001,C62) -> 1 | V62: =IF(U62>1,"Duplicate","Unique") -> Unique | W62: =IF(F62="","Unknown",F62) -> red | X62: =IF(Q62="","Unknown",Q62) -> Namie, Japan | Y62: =IF(R62="","Unknown",R62) -> Unknown | Z62: =IF(S62="","Unknown",S62) -> Unknown | AA62: =LOWER(TRIM(M62)) -> mww
A63: M 6.7 - 166 km W of Pariaman, Indonesia | B63: 6.7 | C63: =Raw_Data!T63 -> 44633.881 | D63: 9 | E63: 6 | F63: green | G63: 0 | H63: 708 | I63: us | J63: 0 | K63: 2.188 | L63: 43 | M63: =Raw_Data!X63 -> mww | N63: 28 | O63: -0.6831 | P63: 98.6034 | Q63: Pariaman, Indonesia | R63: Asia | S63: Indonesia | T63: =IF(ISNUMBER(C63),"Valid","Invalid") -> Valid | U63: =COUNTIFS($A$2:$A$1001,A63,$B$2:$B$1001,B63,$C$2:$C$1001,C63) -> 1 | V63: =IF(U63>1,"Duplicate","Unique") -> Unique | W63: =IF(F63="","Unknown",F63) -> green | X63: =IF(Q63="","Unknown",Q63) -> Pariaman, Indonesia | Y63: =IF(R63="","Unknown",R63) -> Asia | Z63: =IF(S63="","Unknown",S63) -> Indonesia | AA63: =LOWER(TRIM(M63)) -> mww
A64: M 6.6 - Kermadec Islands, New Zealand | B64: 6.6 | C64: =Raw_Data!T64 -> 44622.536 | D64: 2 | E64: 7 | F64: green | G64: 1 | H64: 670 | I64: us | J64: 0 | K64: 0.827 | L64: 46 | M64: =Raw_Data!X64 -> mww | N64: 24 | O64: -30.0528 | P64: -177.74 | Q64: Kermadec Islands, New Zealand | T64: =IF(ISNUMBER(C64),"Valid","Invalid") -> Valid | U64: =COUNTIFS($A$2:$A$1001,A64,$B$2:$B$1001,B64,$C$2:$C$1001,C64) -> 1 | V64: =IF(U64>1,"Duplicate","Unique") -> Unique | W64: =IF(F64="","Unknown",F64) -> green | X64: =IF(Q64="","Unknown",Q64) -> Kermadec Islands, New Zealand | Y64: =IF(R64="","Unknown",R64) -> Unknown | Z64: =IF(S64="","Unknown",S64) -> Unknown | AA64: =LOWER(TRIM(M64)) -> mww
A65: M 6.8 - south of the Fiji Islands | B65: 6.8 | C65: =Raw_Data!T65 -> 44608.848 | D65: 2 | E65: 3 | F65: green | G65: 1 | H65: 712 | I65: us | J65: 0 | K65: 5.78 | L65: 12 | M65: =Raw_Data!X65 -> mww | N65: 535 | O65: -23.7852 | P65: -179.968 | Q65: the Fiji Islands | T65: =IF(ISNUMBER(C65),"Valid","Invalid") -> Valid | U65: =COUNTIFS($A$2:$A$1001,A65,$B$2:$B$1001,B65,$C$2:$C$1001,C65) -> 1 | V65: =IF(U65>1,"Duplicate","Unique") -> Unique | W65: =IF(F65="","Unknown",F65) -> green | X65: =IF(Q65="","Unknown",Q65) -> the Fiji Islands | Y65: =IF(R65="","Unknown",R65) -> Unknown | Z65: =IF(S65="","Unknown",S65) -> Unknown | AA65: =LOWER(TRIM(M65)) -> mww
A66: M 6.5 - 49 km NW of Barranca, Peru | B66: 6.5 | C66: =Raw_Data!T66 -> 44595.665 | D66: 8 | E66: 6 | F66: green | G66: 0 | H66: 690 | I66: us | J66: 0 | K66: 3.026 | L66: 22 | M66: =Raw_Data!X66 -> mww | N66: 110 | O66: -4.455 | P66: -76.9395 | Q66: Barranca, Peru | R66: South America | S66: Peru | T66: =IF(ISNUMBER(C66),"Valid","Invalid") -> Valid | U66: =COUNTIFS($A$2:$A$1001,A66,$B$2:$B$1001,B66,$C$2:$C$1001,C66) -> 1 | V66: =IF(U66>1,"Duplicate","Unique") -> Unique | W66: =IF(F66="","Unknown",F66) -> green | X66: =IF(Q66="","Unknown",Q66) -> Barranca, Peru | Y66: =IF(R66="","Unknown",R66) -> South America | Z66: =IF(S66="","Unknown",S66) -> Peru | AA66: =LOWER(TRIM(M66)) -> mww
A67: M 6.5 - Kermadec Islands region | B67: 6.5 | C67: =Raw_Data!T67 -> 44590.115 | D67: 7 | E67: 4 | F67: green | G67: 1 | H67: 651 | I67: us | J67: 0 | K67: 1.088 | L67: 57 | M67: =Raw_Data!X67 -> mww | N67: 8 | O67: -29.535 | P67: -176.729 | Q67: Kermadec Islands region | T67: =IF(ISNUMBER(C67),"Valid","Invalid") -> Valid | U67: =COUNTIFS($A$2:$A$1001,A67,$B$2:$B$1001,B67,$C$2:$C$1001,C67) -> 1 | V67: =IF(U67>1,"Duplicate","Unique") -> Unique | W67: =IF(F67="","Unknown",F67) -> green | X67: =IF(Q67="","Unknown",Q67) -> Kermadec Islands region | Y67: =IF(R67="","Unknown",R67) -> Unknown | Z67: =IF(S67="","Unknown",S67) -> Unknown | AA67: =LOWER(TRIM(M67)) -> mww
A68: M 6.6 - 80 km SW of Labuan, Indonesia | B68: 6.6 | C68: =Raw_Data!T68 -> 44575.378 | D68: 8 | E68: 6 | F68: green | G68: 0 | H68: 785 | I68: us | J68: 0 | K68: 2.418 | L68: 22 | M68: =Raw_Data!X68 -> mww | N68: 33 | O68: -6.9291 | P68: 105.251 | Q68: Labuan, Indonesia | S68: Indonesia | T68: =IF(ISNUMBER(C68),"Valid","Invalid") -> Valid | U68: =COUNTIFS($A$2:$A$1001,A68,$B$2:$B$1001,B68,$C$2:$C$1001,C68) -> 1 | V68: =IF(U68>1,"Duplicate","Unique") -> Unique | W68: =IF(F68="","Unknown",F68) -> green | X68: =IF(Q68="","Unknown",Q68) -> Labuan, Indonesia | Y68: =IF(R68="","Unknown",R68) -> Unknown | Z68: =IF(S68="","Unknown",S68) -> Indonesia | AA68: =LOWER(TRIM(M68)) -> mww
A69: M 6.5 - 71 km SE of Nikolski, Alaska | B69: 6.5 | C69: =Raw_Data!T69 -> 44572.527 | D69: 0 | E69: 3 | G69: 1 | H69: 650 | I69: at | J69: 97 | K69: 1.61607 | L69: 108 | M69: =Raw_Data!X69 -> mi | N69: 37 | O69: 52.502 | P69: -168.08 | Q69: Nikolski, Alaska | T69: =IF(ISNUMBER(C69),"Valid","Invalid") -> Valid | U69: =COUNTIFS($A$2:$A$1001,A69,$B$2:$B$1001,B69,$C$2:$C$1001,C69) -> 2 | V69: =IF(U69>1,"Duplicate","Unique") -> Duplicate | W69: =IF(F69="","Unknown",F69) -> Unknown | X69: =IF(Q69="","Unknown",Q69) -> Nikolski, Alaska | Y69: =IF(R69="","Unknown",R69) -> Unknown | Z69: =IF(S69="","Unknown",S69) -> Unknown | AA69: =LOWER(TRIM(M69)) -> mi
A70: M 6.5 - 71 km SE of Nikolski, Alaska | B70: 6.5 | C70: =Raw_Data!T70 -> 44572.527 | D70: 0 | E70: 3 | G70: 1 | H70: 650 | I70: pt | J70: 23 | K70: 0 | L70: 208.8 | M70: =Raw_Data!X70 -> mi | N70: 37 | O70: 52.502 | P70: -168.08 | Q70: Nikolski, Alaska | T70: =IF(ISNUMBER(C70),"Valid","Invalid") -> Valid | U70: =COUNTIFS($A$2:$A$1001,A70,$B$2:$B$1001,B70,$C$2:$C$1001,C70) -> 2 | V70: =IF(U70>1,"Duplicate","Unique") -> Duplicate | W70: =IF(F70="","Unknown",F70) -> Unknown | X70: =IF(Q70="","Unknown",Q70) -> Nikolski, Alaska | Y70: =IF(R70="","Unknown",R70) -> Unknown | Z70: =IF(S70="","Unknown",S70) -> Unknown | AA70: =LOWER(TRIM(M70)) -> mi
A71: M 6.6 - 53 km SE of Nikolski, Alaska | B71: 6.6 | C71: =Raw_Data!T71 -> 44572.527 | D71: 8 | E71: 5 | F71: green | G71: 1 | H71: 674 | I71: us | J71: 0 | K71: 0.507 | L71: 49 | M71: =Raw_Data!X71 -> mww | N71: 19 | O71: 52.6252 | P71: -168.15 | Q71: Nikolski, Alaska | T71: =IF(ISNUMBER(C71),"Valid","Invalid") -> Valid | U71: =COUNTIFS($A$2:$A$1001,A71,$B$2:$B$1001,B71,$C$2:$C$1001,C71) -> 1 | V71: =IF(U71>1,"Duplicate","Unique") -> Unique | W71: =IF(F71="","Unknown",F71) -> green | X71: =IF(Q71="","Unknown",Q71) -> Nikolski, Alaska | Y71: =IF(R71="","Unknown",R71) -> Unknown | Z71: =IF(S71="","Unknown",S71) -> Unknown | AA71: =LOWER(TRIM(M71)) -> mww
A72: M 6.7 - 91 km SE of Nikolski, Alaska | B72: 6.7 | C72: =Raw_Data!T72 -> 44572.483 | D72: 0 | E72: 4 | G72: 1 | H72: 691 | I72: at | J72: 50 | K72: 0.936943 | L72: 126 | M72: =Raw_Data!X72 -> mi | N72: 33 | O72: 52.48 | P72: -167.736 | Q72: Nikolski, Alaska | T72: =IF(ISNUMBER(C72),"Valid","Invalid") -> Valid | U72: =COUNTIFS($A$2:$A$1001,A72,$B$2:$B$1001,B72,$C$2:$C$1001,C72) -> 2 | V72: =IF(U72>1,"Duplicate","Unique") -> Duplicate | W72: =IF(F72="","Unknown",F72) -> Unknown | X72: =IF(Q72="","Unknown",Q72) -> Nikolski, Alaska | Y72: =IF(R72="","Unknown",R72) -> Unknown | Z72: =IF(S72="","Unknown",S72) -> Unknown | AA72: =LOWER(TRIM(M72)) -> mi
A73: M 6.7 - 91 km SE of Nikolski, Alaska | B73: 6.7 | C73: =Raw_Data!T73 -> 44572.483 | D73: 0 | E73: 4 | G73: 1 | H73: 691 | I73: pt | J73: 20 | K73: 0 | L73: 205.2 | M73: =Raw_Data!X73 -> mi | N73: 33 | O73: 52.48 | P73: -167.736 | Q73: Nikolski, Alaska | T73: =IF(ISNUMBER(C73),"Valid","Invalid") -> Valid | U73: =COUNTIFS($A$2:$A$1001,A73,$B$2:$B$1001,B73,$C$2:$C$1001,C73) -> 2 | V73: =IF(U73>1,"Duplicate","Unique") -> Duplicate | W73: =IF(F73="","Unknown",F73) -> Unknown | X73: =IF(Q73="","Unknown",Q73) -> Nikolski, Alaska | Y73: =IF(R73="","Unknown",R73) -> Unknown | Z73: =IF(S73="","Unknown",S73) -> Unknown | AA73: =LOWER(TRIM(M73)) -> mi
A74: M 6.8 - 100 km SE of Nikolski, Alaska | B74: 6.8 | C74: =Raw_Data!T74 -> 44572.483 | D74: 7 | E74: 6 | F74: green | G74: 1 | H74: 730 | I74: us | J74: 0 | K74: 0.92 | L74: 61 | M74: =Raw_Data!X74 -> mww | N74: 20 | O74: 52.6563 | P74: -167.917 | Q74: Nikolski, Alaska | T74: =IF(ISNUMBER(C74),"Valid","Invalid") -> Valid | U74: =COUNTIFS($A$2:$A$1001,A74,$B$2:$B$1001,B74,$C$2:$C$1001,C74) -> 1 | V74: =IF(U74>1,"Duplicate","Unique") -> Unique | W74: =IF(F74="","Unknown",F74) -> green | X74: =IF(Q74="","Unknown",Q74) -> Nikolski, Alaska | Y74: =IF(R74="","Unknown",R74) -> Unknown | Z74: =IF(S74="","Unknown",S74) -> Unknown | AA74: =LOWER(TRIM(M74)) -> mww
A75: M 6.6 - 48 km WNW of Pólis, Cyprus | B75: 6.6 | C75: =Raw_Data!T75 -> 44572.047 | D75: 6 | E75: 6 | F75: green | G75: 0 | H75: 976 | I75: us | J75: 0 | K75: 1.168 | L75: 21 | M75: =Raw_Data!X75 -> mww | N75: 21 | O75: 35.1456 | P75: 31.9095 | Q75: Pólis, Cyprus | R75: Asia | T75: =IF(ISNUMBER(C75),"Valid","Invalid") -> Valid | U75: =COUNTIFS($A$2:$A$1001,A75,$B$2:$B$1001,B75,$C$2:$C$1001,C75) -> 1 | V75: =IF(U75>1,"Duplicate","Unique") -> Unique | W75: =IF(F75="","Unknown",F75) -> green | X75: =IF(Q75="","Unknown",Q75) -> Pólis, Cyprus | Y75: =IF(R75="","Unknown",R75) -> Asia | Z75: =IF(S75="","Unknown",S75) -> Unknown | AA75: =LOWER(TRIM(M75)) -> mww
A76: M 6.6 - northern Qinghai, China | B76: 6.6 | C76: =Raw_Data!T76 -> 44568.74 | D76: 9 | E76: 8 | F76: orange | G76: 0 | H76: 1012 | I76: us | J76: 0 | K76: 2.685 | L76: 13 | M76: =Raw_Data!X76 -> mww | N76: 13 | O76: 37.8167 | P76: 101.299 | Q76: northern Qinghai, China | R76: Asia | S76: People's Republic of China | T76: =IF(ISNUMBER(C76),"Valid","Invalid") -> Valid | U76: =COUNTIFS($A$2:$A$1001,A76,$B$2:$B$1001,B76,$C$2:$C$1001,C76) -> 1 | V76: =IF(U76>1,"Duplicate","Unique") -> Unique | W76: =IF(F76="","Unknown",F76) -> orange | X76: =IF(Q76="","Unknown",Q76) -> northern Qinghai, China | Y76: =IF(R76="","Unknown",R76) -> Asia | Z76: =IF(S76="","Unknown",S76) -> People's Republic of China | AA76: =LOWER(TRIM(M76)) -> mww
A77: M 7.3 - 125 km NNE of Lospalos, Timor Leste | B77: 7.3 | C77: =Raw_Data!T77 -> 44559.767 | D77: 8 | E77: 7 | F77: green | G77: 0 | H77: 921 | I77: us | J77: 0 | K77: 3.713 | L77: 19 | M77: =Raw_Data!X77 -> mww | N77: 165.49 | O77: -7.5924 | P77: 127.581 | Q77: Lospalos, Timor Leste | S77: Indonesia | T77: =IF(ISNUMBER(C77),"Valid","Invalid") -> Valid | U77: =COUNTIFS($A$2:$A$1001,A77,$B$2:$B$1001,B77,$C$2:$C$1001,C77) -> 1 | V77: =IF(U77>1,"Duplicate","Unique") -> Unique | W77: =IF(F77="","Unknown",F77) -> green | X77: =IF(Q77="","Unknown",Q77) -> Lospalos, Timor Leste | Y77: =IF(R77="","Unknown",R77) -> Unknown | Z77: =IF(S77="","Unknown",S77) -> Indonesia | AA77: =LOWER(TRIM(M77)) -> mww
A78: M 7.3 - Flores Sea | B78: 7.3 | C78: =Raw_Data!T78 -> 44544.139 | D78: 9 | E78: 5 | F78: green | G78: 1 | H78: 854 | I78: us | J78: 0 | K78: 1.025 | L78: 32 | M78: =Raw_Data!X78 -> mww | N78: 14.27 | O78: -7.6033 | P78: 122.2 | Q78: Flores Sea | R78: Asia | S78: Indonesia | T78: =IF(ISNUMBER(C78),"Valid","Invalid") -> Valid | U78: =COUNTIFS($A$2:$A$1001,A78,$B$2:$B$1001,B78,$C$2:$C$1001,C78) -> 1 | V78: =IF(U78>1,"Duplicate","Unique") -> Unique | W78: =IF(F78="","Unknown",F78) -> green | X78: =IF(Q78="","Unknown",Q78) -> Flores Sea | Y78: =IF(R78="","Unknown",R78) -> Asia | Z78: =IF(S78="","Unknown",S78) -> Indonesia | AA78: =LOWER(TRIM(M78)) -> mww
A79: M 7.5 - 43 km NNW of Barranca, Peru | B79: 7.5 | C79: =Raw_Data!T79 -> 44528.453 | D79: 8 | E79: 8 | F79: yellow | G79: 1 | H79: 1094 | I79: us | J79: 0 | K79: 4.951 | L79: 40 | M79: =Raw_Data!X79 -> mww | N79: 126 | O79: -4.4898 | P79: -76.8461 | Q79: Barranca, Peru | R79: South America | S79: Peru | T79: =IF(ISNUMBER(C79),"Valid","Invalid") -> Valid | U79: =COUNTIFS($A$2:$A$1001,A79,$B$2:$B$1001,B79,$C$2:$C$1001,C79) -> 1 | V79: =IF(U79>1,"Duplicate","Unique") -> Unique | W79: =IF(F79="","Unknown",F79) -> yellow | X79: =IF(Q79="","Unknown",Q79) -> Barranca, Peru | Y79: =IF(R79="","Unknown",R79) -> South America | Z79: =IF(S79="","Unknown",S79) -> Peru | AA79: =LOWER(TRIM(M79)) -> mww
A80: M 6.6 - 177 km SE of Hirara, Japan | B80: 6.6 | C80: =Raw_Data!T80 -> 44510.656 | D80: 7 | E80: 4 | F80: green | G80: 1 | H80: 688 | I80: us | J80: 0 | K80: 3.259 | L80: 15 | M80: =Raw_Data!X80 -> mww | N80: 12 | O80: 23.5414 | P80: 126.48 | Q80: Hirara, Japan | T80: =IF(ISNUMBER(C80),"Valid","Invalid") -> Valid | U80: =COUNTIFS($A$2:$A$1001,A80,$B$2:$B$1001,B80,$C$2:$C$1001,C80) -> 1 | V80: =IF(U80>1,"Duplicate","Unique") -> Unique | W80: =IF(F80="","Unknown",F80) -> green | X80: =IF(Q80="","Unknown",Q80) -> Hirara, Japan | Y80: =IF(R80="","Unknown",R80) -> Unknown | Z80: =IF(S80="","Unknown",S80) -> Unknown | AA80: =LOWER(TRIM(M80)) -> mww
A81: M 6.9 - 112 km E of Chignik, Alaska | B81: 6.9 | C81: =Raw_Data!T81 -> 44480.382 | D81: 8 | E81: 6 | F81: green | G81: 1 | H81: 995 | I81: ak | J81: 0 | K81: 0 | L81: 0 | M81: =Raw_Data!X81 -> mww | N81: 51.6 | O81: 56.2581 | P81: -156.492 | Q81: Chignik, Alaska | R81: North America | S81: United States of America | T81: =IF(ISNUMBER(C81),"Valid","Invalid") -> Valid | U81: =COUNTIFS($A$2:$A$1001,A81,$B$2:$B$1001,B81,$C$2:$C$1001,C81) -> 1 | V81: =IF(U81>1,"Duplicate","Unique") -> Unique | W81: =IF(F81="","Unknown",F81) -> green | X81: =IF(Q81="","Unknown",Q81) -> Chignik, Alaska | Y81: =IF(R81="","Unknown",R81) -> North America | Z81: =IF(S81="","Unknown",S81) -> United States of America | AA81: =LOWER(TRIM(M81)) -> mww
A82: M 6.9 - Vanuatu region | B82: 6.9 | C82: =Raw_Data!T82 -> 44478.457 | D82: 4 | E82: 3 | F82: green | G82: 1 | H82: 740 | I82: us | J82: 0 | K82: 4.778 | L82: 31 | M82: =Raw_Data!X82 -> mww | N82: 535 | O82: -21.1704 | P82: 174.54 | Q82: Vanuatu region | T82: =IF(ISNUMBER(C82),"Valid","Invalid") -> Valid | U82: =COUNTIFS($A$2:$A$1001,A82,$B$2:$B$1001,B82,$C$2:$C$1001,C82) -> 1 | V82: =IF(U82>1,"Duplicate","Unique") -> Unique | W82: =IF(F82="","Unknown",F82) -> green | X82: =IF(Q82="","Unknown",Q82) -> Vanuatu region | Y82: =IF(R82="","Unknown",R82) -> Unknown | Z82: =IF(S82="","Unknown",S82) -> Unknown | AA82: =LOWER(TRIM(M82)) -> mww
A83: M 7.3 - Vanuatu region | B83: 7.3 | C83: =Raw_Data!T83 -> 44471.27 | D83: 4 | E83: 4 | F83: green | G83: 1 | H83: 826 | I83: us | J83: 0 | K83: 4.493 | L83: 32 | M83: =Raw_Data!X83 -> mww | N83: 527 | O83: -21.1036 | P83: 174.895 | Q83: Vanuatu region | T83: =IF(ISNUMBER(C83),"Valid","Invalid") -> Valid | U83: =COUNTIFS($A$2:$A$1001,A83,$B$2:$B$1001,B83,$C$2:$C$1001,C83) -> 1 | V83: =IF(U83>1,"Duplicate","Unique") -> Unique | W83: =IF(F83="","Unknown",F83) -> green | X83: =IF(Q83="","Unknown",Q83) -> Vanuatu region | Y83: =IF(R83="","Unknown",R83) -> Unknown | Z83: =IF(S83="","Unknown",S83) -> Unknown | AA83: =LOWER(TRIM(M83)) -> mww
A84: M 6.5 - 80 km SW of Jiquilillo, Nicaragua | B84: 6.5 | C84: =Raw_Data!T84 -> 44461.415 | D84: 7 | E84: 5 | F84: green | G84: 1 | H84: 684 | I84: us | J84: 0 | K84: 0.993 | L84: 114 | M84: =Raw_Data!X84 -> mww | N84: 21 | O84: 12.1598 | P84: -87.8542 | Q84: Jiquilillo, Nicaragua | T84: =IF(ISNUMBER(C84),"Valid","Invalid") -> Valid | U84: =COUNTIFS($A$2:$A$1001,A84,$B$2:$B$1001,B84,$C$2:$C$1001,C84) -> 1 | V84: =IF(U84>1,"Duplicate","Unique") -> Unique | W84: =IF(F84="","Unknown",F84) -> green | X84: =IF(Q84="","Unknown",Q84) -> Jiquilillo, Nicaragua | Y84: =IF(R84="","Unknown",R84) -> Unknown | Z84: =IF(S84="","Unknown",S84) -> Unknown | AA84: =LOWER(TRIM(M84)) -> mww
A85: M 7.0 - Acapulco, Mexico | B85: 7 | C85: =Raw_Data!T85 -> 44447.074 | D85: 8 | E85: 8 | F85: red | G85: 1 | H85: 2504 | I85: us | J85: 0 | K85: 0.07 | L85: 43 | M85: =Raw_Data!X85 -> mww | N85: 20 | O85: 16.9502 | P85: -99.7877 | Q85: Acapulco, Mexico | R85: North America | S85: Mexico | T85: =IF(ISNUMBER(C85),"Valid","Invalid") -> Valid | U85: =COUNTIFS($A$2:$A$1001,A85,$B$2:$B$1001,B85,$C$2:$C$1001,C85) -> 1 | V85: =IF(U85>1,"Duplicate","Unique") -> Unique | W85: =IF(F85="","Unknown",F85) -> red | X85: =IF(Q85="","Unknown",Q85) -> Acapulco, Mexico | Y85: =IF(R85="","Unknown",R85) -> North America | Z85: =IF(S85="","Unknown",S85) -> Mexico | AA85: =LOWER(TRIM(M85)) -> mww
A86: M 7.1 - South Sandwich Islands region | B86: 7.1 | C86: =Raw_Data!T86 -> 44430.898 | D86: 1 | E86: 4 | F86: green | G86: 1 | H86: 776 | I86: us | J86: 0 | K86: 9.799 | L86: 32 | M86: =Raw_Data!X86 -> mww | N86: 6 | O86: -60.3026 | P86: -24.9992 | Q86: South Sandwich Islands region | S86: Antarctica | T86: =IF(ISNUMBER(C86),"Valid","Invalid") -> Valid | U86: =COUNTIFS($A$2:$A$1001,A86,$B$2:$B$1001,B86,$C$2:$C$1001,C86) -> 1 | V86: =IF(U86>1,"Duplicate","Unique") -> Unique | W86: =IF(F86="","Unknown",F86) -> green | X86: =IF(Q86="","Unknown",Q86) -> South Sandwich Islands region | Y86: =IF(R86="","Unknown",R86) -> Unknown | Z86: =IF(S86="","Unknown",S86) -> Antarctica | AA86: =LOWER(TRIM(M86)) -> mww
A87: M 6.6 - South Sandwich Islands region | B87: 6.6 | C87: =Raw_Data!T87 -> 44430.031 | D87: 1 | E87: 3 | F87: green | G87: 1 | H87: 670 | I87: us | J87: 0 | K87: 8.865 | L87: 19 | M87: =Raw_Data!X87 -> mww | N87: 7 | O87: -60.1023 | P87: -24.4608 | Q87: South Sandwich Islands region | S87: Antarctica | T87: =IF(ISNUMBER(C87),"Valid","Invalid") -> Valid | U87: =COUNTIFS($A$2:$A$1001,A87,$B$2:$B$1001,B87,$C$2:$C$1001,C87) -> 1 | V87: =IF(U87>1,"Duplicate","Unique") -> Unique | W87: =IF(F87="","Unknown",F87) -> green | X87: =IF(Q87="","Unknown",Q87) -> South Sandwich Islands region | Y87: =IF(R87="","Unknown",R87) -> Unknown | Z87: =IF(S87="","Unknown",S87) -> Antarctica | AA87: =LOWER(TRIM(M87)) -> mww
A88: M 6.9 - 17 km N of Port-Olry, Vanuatu | B88: 6.9 | C88: =Raw_Data!T88 -> 44426.424 | D88: 8 | E88: 7 | F88: green | G88: 1 | H88: 741 | I88: us | J88: 0 | K88: 0.579 | L88: 54 | M88: =Raw_Data!X88 -> mww | N88: 93 | O88: -14.892 | P88: 167.085 | Q88: Port-Olry, Vanuatu | R88: Oceania | S88: Vanuatu | T88: =IF(ISNUMBER(C88),"Valid","Invalid") -> Valid | U88: =COUNTIFS($A$2:$A$1001,A88,$B$2:$B$1001,B88,$C$2:$C$1001,C88) -> 1 | V88: =IF(U88>1,"Duplicate","Unique") -> Unique | W88: =IF(F88="","Unknown",F88) -> green | X88: =IF(Q88="","Unknown",Q88) -> Port-Olry, Vanuatu | Y88: =IF(R88="","Unknown",R88) -> Oceania | Z88: =IF(S88="","Unknown",S88) -> Vanuatu | AA88: =LOWER(TRIM(M88)) -> mww
A89: M 6.9 - South Sandwich Islands region | B89: 6.9 | C89: =Raw_Data!T89 -> 44424.465 | D89: 6 | E89: 4 | F89: green | G89: 1 | H89: 734 | I89: us | J89: 0 | K89: 8.363 | L89: 48 | M89: =Raw_Data!X89 -> mww | N89: 16.7 | O89: -58.3814 | P89: -23.3318 | Q89: South Sandwich Islands region | T89: =IF(ISNUMBER(C89),"Valid","Invalid") -> Valid | U89: =COUNTIFS($A$2:$A$1001,A89,$B$2:$B$1001,B89,$C$2:$C$1001,C89) -> 1 | V89: =IF(U89>1,"Duplicate","Unique") -> Unique | W89: =IF(F89="","Unknown",F89) -> green | X89: =IF(Q89="","Unknown",Q89) -> South Sandwich Islands region | Y89: =IF(R89="","Unknown",R89) -> Unknown | Z89: =IF(S89="","Unknown",S89) -> Unknown | AA89: =LOWER(TRIM(M89)) -> mww
A90: M 7.2 - Nippes, Haiti | B90: 7.2 | C90: =Raw_Data!T90 -> 44422.52 | D90: 9 | E90: 8 | F90: red | G90: 1 | H90: 2331 | I90: us | J90: 0 | K90: 1.178 | L90: 23 | M90: =Raw_Data!X90 -> mww | N90: 10 | O90: 18.3521 | P90: -73.4804 | Q90: Nippes, Haiti | R90: North America | S90: Haiti | T90: =IF(ISNUMBER(C90),"Valid","Invalid") -> Valid | U90: =COUNTIFS($A$2:$A$1001,A90,$B$2:$B$1001,B90,$C$2:$C$1001,C90) -> 1 | V90: =IF(U90>1,"Duplicate","Unique") -> Unique | W90: =IF(F90="","Unknown",F90) -> red | X90: =IF(Q90="","Unknown",Q90) -> Nippes, Haiti | Y90: =IF(R90="","Unknown",R90) -> North America | Z90: =IF(S90="","Unknown",S90) -> Haiti | AA90: =LOWER(TRIM(M90)) -> mww
A91: M 6.9 - 136 km SE of Perryville, Alaska | B91: 6.9 | C91: =Raw_Data!T91 -> 44422.498 | D91: 5 | E91: 4 | F91: green | G91: 1 | H91: 738 | I91: ak | J91: 0 | K91: 0 | L91: 0 | M91: =Raw_Data!X91 -> mww | N91: 33.3 | O91: 55.2364 | P91: -157.707 | Q91: Perryville, Alaska | T91: =IF(ISNUMBER(C91),"Valid","Invalid") -> Valid | U91: =COUNTIFS($A$2:$A$1001,A91,$B$2:$B$1001,B91,$C$2:$C$1001,C91) -> 1 | V91: =IF(U91>1,"Duplicate","Unique") -> Unique | W91: =IF(F91="","Unknown",F91) -> green | X91: =IF(Q91="","Unknown",Q91) -> Perryville, Alaska | Y91: =IF(R91="","Unknown",R91) -> Unknown | Z91: =IF(S91="","Unknown",S91) -> Unknown | AA91: =LOWER(TRIM(M91)) -> mww
A92: M 6.9 - 125 km SE of Perryville, Alaska | B92: 6.9 | C92: =Raw_Data!T92 -> 44422.498 | D92: 5 | E92: 4 | F92: green | G92: 1 | H92: 738 | I92: us | J92: 0 | K92: 1.173 | L92: 36 | M92: =Raw_Data!X92 -> mww | N92: 20.74 | O92: 55.2657 | P92: -157.68 | Q92: Perryville, Alaska | T92: =IF(ISNUMBER(C92),"Valid","Invalid") -> Valid | U92: =COUNTIFS($A$2:$A$1001,A92,$B$2:$B$1001,B92,$C$2:$C$1001,C92) -> 1 | V92: =IF(U92>1,"Duplicate","Unique") -> Unique | W92: =IF(F92="","Unknown",F92) -> green | X92: =IF(Q92="","Unknown",Q92) -> Perryville, Alaska | Y92: =IF(R92="","Unknown",R92) -> Unknown | Z92: =IF(S92="","Unknown",S92) -> Unknown | AA92: =LOWER(TRIM(M92)) -> mww
A93: M 8.1 - South Sandwich Islands region | B93: 8.1 | C93: =Raw_Data!T93 -> 44420.774 | D93: 0 | E93: 7 | F93: green | G93: 0 | H93: 1009 | I93: us | J93: 0 | K93: 7.463 | L93: 78 | M93: =Raw_Data!X93 -> mww | N93: 22.79 | O93: -58.4157 | P93: -25.3206 | Q93: South Sandwich Islands region | T93: =IF(ISNUMBER(C93),"Valid","Invalid") -> Valid | U93: =COUNTIFS($A$2:$A$1001,A93,$B$2:$B$1001,B93,$C$2:$C$1001,C93) -> 1 | V93: =IF(U93>1,"Duplicate","Unique") -> Unique | W93: =IF(F93="","Unknown",F93) -> green | X93: =IF(Q93="","Unknown",Q93) -> South Sandwich Islands region | Y93: =IF(R93="","Unknown",R93) -> Unknown | Z93: =IF(S93="","Unknown",S93) -> Unknown | AA93: =LOWER(TRIM(M93)) -> mww
A94: M 7.5 - South Sandwich Islands region | B94: 7.5 | C94: =Raw_Data!T94 -> 44420.772 | D94: 9 | E94: 6 | F94: green | G94: 1 | H94: 868 | I94: us | J94: 0 | K94: 7.227 | L94: 38 | M94: =Raw_Data!X94 -> mww | N94: 47.23 | O94: -57.5959 | P94: -25.1874 | Q94: South Sandwich Islands region | T94: =IF(ISNUMBER(C94),"Valid","Invalid") -> Valid | U94: =COUNTIFS($A$2:$A$1001,A94,$B$2:$B$1001,B94,$C$2:$C$1001,C94) -> 1 | V94: =IF(U94>1,"Duplicate","Unique") -> Unique | W94: =IF(F94="","Unknown",F94) -> green | X94: =IF(Q94="","Unknown",Q94) -> South Sandwich Islands region | Y94: =IF(R94="","Unknown",R94) -> Unknown | Z94: =IF(S94="","Unknown",S94) -> Unknown | AA94: =LOWER(TRIM(M94)) -> mww
A95: M 7.1 - 60 km ENE of Pondaguitan, Philippines | B95: 7.1 | C95: =Raw_Data!T95 -> 44419.74 | D95: 9 | E95: 7 | F95: green | G95: 1 | H95: 846 | I95: us | J95: 0 | K95: 1.273 | L95: 25 | M95: =Raw_Data!X95 -> mww | N95: 55.14 | O95: 6.4547 | P95: 126.742 | Q95: Pondaguitan, Philippines | T95: =IF(ISNUMBER(C95),"Valid","Invalid") -> Valid | U95: =COUNTIFS($A$2:$A$1001,A95,$B$2:$B$1001,B95,$C$2:$C$1001,C95) -> 1 | V95: =IF(U95>1,"Duplicate","Unique") -> Unique | W95: =IF(F95="","Unknown",F95) -> green | X95: =IF(Q95="","Unknown",Q95) -> Pondaguitan, Philippines | Y95: =IF(R95="","Unknown",R95) -> Unknown | Z95: =IF(S95="","Unknown",S95) -> Unknown | AA95: =LOWER(TRIM(M95)) -> mww
A96: M 8.2 - 91 km ESE of Perryville, Alaska | B96: 8.2 | C96: =Raw_Data!T96 -> 44406.26 | D96: 8 | E96: 6 | F96: green | G96: 1 | H96: 1237 | I96: us | J96: 0 | K96: 0.875 | L96: 66 | M96: =Raw_Data!X96 -> mww | N96: 46.66 | O96: 55.4742 | P96: -157.917 | Q96: Perryville, Alaska | T96: =IF(ISNUMBER(C96),"Valid","Invalid") -> Valid | U96: =COUNTIFS($A$2:$A$1001,A96,$B$2:$B$1001,B96,$C$2:$C$1001,C96) -> 1 | V96: =IF(U96>1,"Duplicate","Unique") -> Unique | W96: =IF(F96="","Unknown",F96) -> green | X96: =IF(Q96="","Unknown",Q96) -> Perryville, Alaska | Y96: =IF(R96="","Unknown",R96) -> Unknown | Z96: =IF(S96="","Unknown",S96) -> Unknown | AA96: =LOWER(TRIM(M96)) -> mww
A97: M 8.2 - 99 km SE of Perryville, Alaska | B97: 8.2 | C97: =Raw_Data!T97 -> 44406.26 | D97: 8 | E97: 7 | F97: yellow | G97: 1 | H97: 1252 | I97: ak | J97: 0 | K97: 0 | L97: 0 | M97: =Raw_Data!X97 -> mww | N97: 35 | O97: 55.3154 | P97: -157.829 | Q97: Perryville, Alaska | T97: =IF(ISNUMBER(C97),"Valid","Invalid") -> Valid | U97: =COUNTIFS($A$2:$A$1001,A97,$B$2:$B$1001,B97,$C$2:$C$1001,C97) -> 1 | V97: =IF(U97>1,"Duplicate","Unique") -> Unique | W97: =IF(F97="","Unknown",F97) -> yellow | X97: =IF(Q97="","Unknown",Q97) -> Perryville, Alaska | Y97: =IF(R97="","Unknown",R97) -> Unknown | Z97: =IF(S97="","Unknown",S97) -> Unknown | AA97: =LOWER(TRIM(M97)) -> mww
A98: M 6.7 - 15 km S of Hukay, Philippines | B98: 6.7 | C98: =Raw_Data!T98 -> 44400.867 | D98: 8 | E98: 5 | F98: green | G98: 1 | H98: 935 | I98: us | J98: 0 | K98: 8.139 | L98: 12 | M98: =Raw_Data!X98 -> mww | N98: 110 | O98: 13.6989 | P98: 120.713 | Q98: Hukay, Philippines | R98: Asia | S98: Philippines | T98: =IF(ISNUMBER(C98),"Valid","Invalid") -> Valid | U98: =COUNTIFS($A$2:$A$1001,A98,$B$2:$B$1001,B98,$C$2:$C$1001,C98) -> 1 | V98: =IF(U98>1,"Duplicate","Unique") -> Unique | W98: =IF(F98="","Unknown",F98) -> green | X98: =IF(Q98="","Unknown",Q98) -> Hukay, Philippines | Y98: =IF(R98="","Unknown",R98) -> Asia | Z98: =IF(S98="","Unknown",S98) -> Philippines | AA98: =LOWER(TRIM(M98)) -> mww
A99: M 6.7 - 71 km S of Burica, Panama | B99: 6.7 | C99: =Raw_Data!T99 -> 44398.885 | D99: 6 | E99: 6 | F99: green | G99: 1 | H99: 830 | I99: us | J99: 0 | K99: 1.395 | L99: 61 | M99: =Raw_Data!X99 -> mww | N99: 10 | O99: 7.5904 | P99: -82.8813 | Q99: Burica, Panama | T99: =IF(ISNUMBER(C99),"Valid","Invalid") -> Valid | U99: =COUNTIFS($A$2:$A$1001,A99,$B$2:$B$1001,B99,$C$2:$C$1001,C99) -> 1 | V99: =IF(U99>1,"Duplicate","Unique") -> Unique | W99: =IF(F99="","Unknown",F99) -> green | X99: =IF(Q99="","Unknown",Q99) -> Burica, Panama | Y99: =IF(R99="","Unknown",R99) -> Unknown | Z99: =IF(S99="","Unknown",S99) -> Unknown | AA99: =LOWER(TRIM(M99)) -> mww
A100: M 6.5 - Kermadec Islands, New Zealand | B100: 6.5 | C100: =Raw_Data!T100 -> 44367.712 | D100: 0 | E100: 4 | F100: green | G100: 1 | H100: 650 | I100: us | J100: 0 | K100: 7.994 | L100: 24 | M100: =Raw_Data!X100 -> mww | N100: 25 | O100: -30.2144 | P100: -177.773 | Q100: Kermadec Islands, New Zealand | T100: =IF(ISNUMBER(C100),"Valid","Invalid") -> Valid | U100: =COUNTIFS($A$2:$A$1001,A100,$B$2:$B$1001,B100,$C$2:$C$1001,C100) -> 1 | V100: =IF(U100>1,"Duplicate","Unique") -> Unique | W100: =IF(F100="","Unknown",F100) -> green | X100: =IF(Q100="","Unknown",Q100) -> Kermadec Islands, New Zealand | Y100: =IF(R100="","Unknown",R100) -> Unknown | Z100: =IF(S100="","Unknown",S100) -> Unknown | AA100: =LOWER(TRIM(M100)) -> mww
...

Sheet Title Pattern PivotTable.

Sheet Pivot_Title_Pattern

Sheet Pivot_Year

Sheet Data_Quality_Summary
A1: Issue | B1: Evidence / Finding | C1: Lab 4 Fix
A2: Missing alert values | B2: 551 blanks (55.10%) | C2: Handle missing alert values as Unknown
A3: Missing continent values | B3: 716 blanks (71.60%) | C3: Handle missing continent values as Unknown
A4: Missing country values | B4: 349 blanks (34.90%) | C4: Handle missing country values as Unknown
A5: Missing location values | B5: 6 blanks (0.60%) | C5: Handle missing location values as Unknown
A6: date_time stored as text | B6: Raw values fail ISNUMBER | C6: Convert to proper datetime
A7: Title has mixed patterns | B7: Distance/location and Named-region formats | C7: Classify/handle the two title patterns
A8: magType inconsistent casing | B8: Mi vs lowercase categories | C8: Normalize using LOWER()
A9: Duplicate events | B9: 4 rows flagged as duplicates | C9: Check duplicates using title + date_time; remove/handle duplicates if found
A12: Duplicate Audit Result
A13: Total Rows | B13: =COUNTA(Cleaned_Data!A2:A1001) -> 1000
A14: Rows with Duplicates | B14: =COUNTIF(Cleaned_Data!V2:V1001,"Duplicate") -> 4
A15: Rows Unique | B15: =COUNTIF(Cleaned_Data!V2:V1001,"Unique") -> 996

Sheet Dashboard
A1: Earthquake Data Exploration Dashboard
A3: Total Records | B3: =COUNTA(Cleaned_Data!A2:A1001) -> 1000 | C3: Minimum Magnitude | D3: =MIN(Cleaned_Data!B2:B1001) -> 6.5 | E3: Maximum Magnitude | F3: =MAX(Cleaned_Data!B2:B1001) -> 9.1 | G3: Average Magnitude | H3: =AVERAGE(Cleaned_Data!B2:B1001) -> 6.94015
A6: Minimum Depth | B6: =MIN(Cleaned_Data!N2:N1001) -> 2.7 | C6: Maximum Depth | D6: =MAX(Cleaned_Data!N2:N1001) -> 670.81 | E6: Average Depth | F6: =AVERAGE(Cleaned_Data!N2:N1001) -> 74.612541

Sheet Pivot_MagType_Normalized

Sheet Pivot_Alert

Sheet Pivot_MagType
